gene,n_colonies,power
Abcb10,1,0
Abcb10,6,0
Abcb10,11,0
Abcb10,16,0
Abcb10,21,0
Abcb10,26,0
Abcb10,31,0
Abcb10,36,0
Abcb10,41,0
Abcb10,46,0
Abcb10,51,0
Abcb10,56,0
Abcb10,61,0
Abcb10,66,0
Abcb10,71,0
Abcb10,76,0
Abcb10,81,0
Abcb10,86,0
Abcb4,1,0
Abcb4,6,0
Abcb4,11,0
Abcb4,16,0
Abcb4,21,0
Abcb4,26,0
Abcb4,31,0
Abcb4,36,0
Abcb4,41,0
Abcb4,46,0
Abcb4,51,0
Abcb4,56,0
Abcb4,61,0
Abcb4,66,0
Abcb4,71,0
Abcb4,76,0
Abcb4,81,0
Abcb4,86,0
Abcb4,91,0.07
Abcb4,96,0.18
Abcb4,101,0.43
Abcb4,106,0.66
Abcb4,111,0.87
Abcb4,116,0.97
Abtb1,1,0
Abtb1,6,0
Abtb1,11,0
Abtb1,16,0
Abtb1,21,0
Abtb1,26,0
Abtb1,31,0
Abtb1,36,0
Abtb1,41,0
Abtb1,46,0
Abtb1,51,0
Abtb1,56,0
Abtb1,61,0
Abtb1,66,0
Abtb1,71,0
Abtb1,76,0
Abtb1,81,0
Abtb1,86,0
Abtb1,91,0
Abtb1,96,0
Abtb1,101,0
Abtb1,106,0
Abtb1,111,0
Abtb1,116,0.01
Abtb1,121,0
Abtb1,126,0.02
Abtb1,131,0.02
Abtb1,136,0.02
Abtb1,141,0.05
Abtb1,146,0.08
Abtb1,151,0.19
Abtb1,156,0.28
Abtb1,161,0.44
Abtb1,166,0.6
Abtb1,171,0.55
Abtb1,176,0.68
Abtb1,181,0.82
Abtb1,186,0.87
Abtb1,191,0.94
Abtb1,196,1
Abtb1,201,1
Abtb1,206,1
Abtb1,211,1
Acin1,1,0
Acin1,6,0
Acin1,11,0
Acin1,16,0
Acin1,21,0
Acin1,26,0
Acin1,31,0
Acin1,36,0.02
Acin1,41,0.03
Acin1,46,0.08
Acin1,51,0.29
Acin1,56,0.35
Acin1,61,0.56
Acin1,66,0.62
Acin1,71,0.78
Acin1,76,0.85
Acin1,81,0.91
Acin1,86,0.96
Acin1,91,1
Actl6a,1,0
Actl6a,6,0
Actr2,1,0
Actr3,1,0
Actr3,6,0
Actr3,11,0
Actr3,16,0
Actr3,21,0
Actr3,26,0
Actr3,31,0
Actr3,36,0
Actr3,41,0
Actr3,46,0
Actr3,51,0
Actr3,56,0
Actr3,61,0
Actr3,66,0
Adam15,1,0
Adam15,6,0
Adam15,11,0
Adam15,16,0
Adam15,21,0
Adam15,26,0
Adam15,31,0
Adam15,36,0
Adam15,41,0
Adam15,46,0
Adam15,51,0.02
Adam15,56,0.02
Adam15,61,0.09
Adam15,66,0.16
Adam15,71,0.25
Adam15,76,0.36
Adam15,81,0.53
Adam15,86,0.63
Adam15,91,0.77
Adam15,96,0.93
Adam15,101,0.98
Adam15,106,0.99
Adam15,111,1
Adam17,1,0
Adam17,6,0
Adam17,11,0
Adam17,16,0
Adam17,21,0
Adam17,26,0
Adam17,31,0
Adam17,36,0.02
Adam17,41,0.04
Adam17,46,0.08
Adam17,51,0.13
Adam17,56,0.26
Adam17,61,0.25
Adam17,66,0.35
Adam17,71,0.34
Adam17,76,0.46
Adam17,81,0.61
Adam17,86,0.61
Adam17,91,0.59
Adam17,96,0.63
Adam17,101,0.66
Adam17,106,0.61
Adam17,111,0.69
Adam17,116,0.82
Adam17,121,0.84
Adam17,126,0.93
Adam17,131,0.92
Adam17,136,1
Adam17,141,1
Adam17,146,1
Adam17,151,1
Adam17,156,1
Adgrg1,1,0
Adgrg1,6,0
Adgrg1,11,0
Adgrg1,16,0
Adgrg1,21,0
Adgrg1,26,0
Adgrg1,31,0
Adgrg1,36,0
Adgrg1,41,0
Adgrg1,46,0
Adgrg1,51,0.01
Adgrg1,56,0.06
Adgrg1,61,0.35
Adgrg1,66,0.87
Agl,1,0
Agl,6,0
Agl,11,0
Agl,16,0
Agl,21,0
Agl,26,0
Agl,31,0.06
Agl,36,0.22
Agl,41,0.47
Agl,46,0.62
Agl,51,0.84
Agl,56,0.92
Agl,61,1
Agl,66,1
Agl,71,1
Agl,76,1
Ahctf1,1,0
Ahctf1,6,0
Ahctf1,11,0
Ahctf1,16,0
Ahctf1,21,0
Ahcyl2,1,0
Ahcyl2,6,0
Ahcyl2,11,0
Ahcyl2,16,0
Ahcyl2,21,0
Ahcyl2,26,0
Ahcyl2,31,0
Ahcyl2,36,0
Ahcyl2,41,0
Ahcyl2,46,0
Ahcyl2,51,0
Ahcyl2,56,0
Ahcyl2,61,0
Ahcyl2,66,0
Ahcyl2,71,0
Ahcyl2,76,0
Ahcyl2,81,0
Ahcyl2,86,0
Ahcyl2,91,0
Ahcyl2,96,0
Ahcyl2,101,0
Ahcyl2,106,0
Ahcyl2,111,0
Ahcyl2,116,0
Ahnak,1,0
Ahnak,6,0
Ahnak,11,0
Ahnak,16,0
Ahnak,21,0
Ahnak,26,0
Ahnak,31,0
Ahnak,36,0
Ahnak,41,0.01
Ahnak,46,0
Ahnak,51,0.03
Ahnak,56,0.03
Ahnak,61,0.11
Ahnak,66,0.23
Ahnak,71,0.29
Ahnak,76,0.36
Ahnak,81,0.62
Ahnak,86,0.67
Ahnak,91,0.83
Ahnak,96,0.95
Ahnak,101,0.99
Ahnak,106,1
Ahnak,111,1
Ahnak,116,1
Akap9,1,0
Akap9,6,0
Akap9,11,0
Akap9,16,0
Akap9,21,0
Akap9,26,0
Akap9,31,0
Akap9,36,0
Akap9,41,0.03
Akap9,46,0.02
Akap9,51,0.11
Akap9,56,0.27
Akap9,61,0.49
Akap9,66,0.63
Akap9,71,0.83
Akap9,76,0.93
Akap9,81,1
Akap9,86,1
Akap9,91,1
Akap9,96,1
Akap9,101,1
Akap9,106,1
Akap9,111,1
Alcam,1,0
Alcam,6,0.01
Alcam,11,0.04
Alcam,16,0.15
Alcam,21,0.2
Alcam,26,0.41
Alcam,31,0.63
Alcam,36,0.75
Alcam,41,0.9
Alcam,46,0.98
Alcam,51,1
Alcam,56,1
Alcam,61,1
Alcam,66,1
Aldh1b1,1,0
Aldh1b1,6,0
Aldh1b1,11,0
Aldh1b1,16,0
Aldh1b1,21,0
Aldh1b1,26,0
Aldh1b1,31,0
Aldh1b1,36,0.01
Aldh1b1,41,0.07
Aldh1b1,46,0.12
Aldh1b1,51,0.21
Aldh1b1,56,0.45
Aldh1b1,61,0.63
Aldh1b1,66,0.78
Aldh1b1,71,0.81
Aldh1b1,76,0.84
Aldh1b1,81,0.96
Aldh1b1,86,0.99
Aldh1b1,91,1
Alg13,1,0
Alg13,6,0
Alg13,11,0
Alg13,16,0
Alg13,21,0
Alg13,26,0
Alg13,31,0
Alg13,36,0
Alg13,41,0
Alg13,46,0.03
Alg13,51,0.04
Alg13,56,0.15
Alg13,61,0.21
Alg13,66,0.28
Alg13,71,0.35
Alg13,76,0.44
Alg13,81,0.67
Alg13,86,0.68
Alg13,91,0.67
Alg13,96,0.85
Alg13,101,0.89
Alg13,106,0.93
Alg13,111,0.97
Alg13,116,1
Alg13,121,1
Alg13,126,1
Alg13,131,1
Alg13,136,1
Alg13,141,1
Alg13,146,1
Alg13,151,1
Ankib1,1,0
Ankib1,6,0
Ankib1,11,0
Ankib1,16,0
Ankib1,21,0
Ankib1,26,0
Ankib1,31,0
Ankib1,36,0
Ankib1,41,0
Ankib1,46,0
Ankib1,51,0.01
Ankib1,56,0
Ankib1,61,0.03
Ankib1,66,0.08
Ankib1,71,0.24
Ankib1,76,0.39
Ankib1,81,0.56
Ankib1,86,0.87
Ankib1,91,0.97
Anln,1,0
Anln,6,0
Anln,11,0
Anln,16,0
Anxa11,1,0
Anxa11,6,0
Anxa11,11,0
Anxa11,16,0
Anxa11,21,0
Anxa11,26,0.04
Anxa11,31,0.03
Anxa11,36,0.04
Anxa11,41,0.05
Anxa11,46,0.13
Anxa11,51,0.25
Anxa11,56,0.26
Anxa11,61,0.52
Anxa11,66,0.48
Anxa11,71,0.49
Anxa11,76,0.56
Anxa11,81,0.78
Anxa11,86,0.76
Anxa11,91,0.85
Anxa11,96,0.88
Anxa11,101,0.9
Anxa11,106,0.94
Anxa11,111,0.98
Anxa11,116,0.99
Anxa11,121,1
Anxa11,126,1
Anxa11,131,1
Anxa11,136,1
Anxa11,141,1
Anxa11,146,1
Anxa11,151,1
Anxa11,156,1
Anxa11,161,1
Anxa11,166,1
Anxa11,171,1
Anxa6,1,0
Anxa6,6,0
Anxa6,11,0
Anxa6,16,0
Anxa6,21,0
Anxa6,26,0
Anxa6,31,0
Anxa6,36,0
Anxa6,41,0
Anxa6,46,0
Anxa6,51,0
Anxa6,56,0
Anxa6,61,0
Anxa6,66,0
Anxa6,71,0
Anxa6,76,0.07
Anxa6,81,0.21
Anxa6,86,0.44
Anxa6,91,0.66
Anxa6,96,0.87
Anxa6,101,0.96
Anxa6,106,1
Ap2a1,1,0
Ap2a1,6,0
Ap2a1,11,0
Ap2a1,16,0
Ap2a1,21,0
Ap2a1,26,0
Ap2a1,31,0
Ap2a1,36,0
Ap2a1,41,0
Ap2a1,46,0
Ap2a1,51,0.01
Ap2a1,56,0.03
Ap2a1,61,0.04
Ap2a1,66,0.12
Ap2a1,71,0.22
Ap2a1,76,0.31
Ap2a1,81,0.45
Ap2a1,86,0.59
Ap2a1,91,0.76
Ap2a1,96,0.91
Ap2a1,101,0.95
Ap2a1,106,0.95
Ap2a1,111,0.99
Ap2a1,116,1
Ap2a1,121,1
Ap2a1,126,1
Apc,1,0
Apc,6,0
Apc,11,0
Apc,16,0
Apc,21,0
Apc,26,0.02
Apc,31,0.06
Apc,36,0.08
Apc,41,0.18
Apc,46,0.26
Apc,51,0.52
Apc,56,0.71
Apc,61,0.73
Apc,66,0.88
Apc,71,0.95
Apc,76,1
Apc,81,0.98
Apc,86,1
Apc,91,1
Apc,96,1
Apc,101,1
Apc,106,1
Apc,111,1
Arf4,1,0
Arf4,6,0
Arf4,11,0
Arf4,16,0.02
Arf4,21,0.12
Arf4,26,0.11
Arf4,31,0.21
Arf4,36,0.44
Arf4,41,0.52
Arf4,46,0.81
Arf4,51,0.85
Arf4,56,0.98
Arf4,61,0.97
Arf4,66,1
Arf4,71,1
Arf4,76,1
Arid1a,1,0
Arid1a,6,0
Arid1a,11,0
Arid1a,16,0
Arid1a,21,0
Arid1a,26,0
Arid1a,31,0
Armt1,1,0
Armt1,6,0
Armt1,11,0
Armt1,16,0
Armt1,21,0
Armt1,26,0
Armt1,31,0
Armt1,36,0
Armt1,41,0
Armt1,46,0
Armt1,51,0.02
Armt1,56,0.1
Armt1,61,0.22
Armt1,66,0.38
Armt1,71,0.67
Armt1,76,0.77
Armt1,81,0.95
Armt1,86,0.99
Armt1,91,1
Armt1,96,1
Armt1,101,1
Arpc2,1,0
Arpc2,6,0
Arpc2,11,0
Arpc2,16,0
Arpc4,1,0
Arpc4,6,0
Arpc4,11,0
Ascl1,1,0
Ascl1,6,0
Ascl1,11,0
Ascl1,16,0
Ash1l,1,0
Ash1l,6,0
Ash1l,11,0
Ash1l,16,0
Ash1l,21,0
Ash1l,26,0
Ash1l,31,0
Ash1l,36,0
Ash1l,41,0
Ash1l,46,0
Ash1l,51,0
Ash1l,56,0
Ash1l,61,0
Ash1l,66,0
Ash1l,71,0
Ash1l,76,0
Ash1l,81,0
Ash1l,86,0
Ash1l,91,0
Ash1l,96,0
Ash1l,101,0
Ash1l,106,0
Ash1l,111,0.01
Ash1l,116,0.02
Ash1l,121,0.13
Ash1l,126,0.09
Ash1l,131,0.25
Ash1l,136,0.22
Ash1l,141,0.44
Ash1l,146,0.51
Ash1l,151,0.7
Ash1l,156,0.85
Ash1l,161,0.89
Ash1l,166,0.96
Ash1l,171,0.99
Ash1l,176,1
Ash1l,181,1
Asph,1,0
Asph,6,0
Asph,11,0
Asph,16,0
Asph,21,0
Asph,26,0
Asph,31,0
Asph,36,0
Asph,41,0.02
Asph,46,0.05
Asph,51,0.15
Asph,56,0.22
Asph,61,0.34
Asph,66,0.51
Asph,71,0.59
Asph,76,0.77
Asph,81,0.86
Asph,86,0.89
Asph,91,0.97
Asph,96,0.99
Asph,101,1
Asph,106,1
Asph,111,1
Asph,116,1
Asph,121,1
Asph,126,1
Asph,131,1
Asph,136,1
Asph,141,1
Asph,146,1
Asph,151,1
Asph,156,1
Atg2b,1,0
Atg2b,6,0
Atg2b,11,0
Atg2b,16,0
Atg2b,21,0
Atg2b,26,0
Atg2b,31,0
Atg2b,36,0
Atg2b,41,0
Atg2b,46,0
Atg2b,51,0
Atg2b,56,0
Atg2b,61,0.03
Atg2b,66,0.09
Atg2b,71,0.25
Atg2b,76,0.42
Atg2b,81,0.55
Atg2b,86,0.77
Atg2b,91,0.95
Atg2b,96,1
Atg2b,101,1
Atp11a,1,0
Atp11a,6,0
Atp11a,11,0
Atp11a,16,0
Atp11a,21,0
Atp11a,26,0
Atp11a,31,0
Atp11a,36,0
Atp11a,41,0.01
Atp11a,46,0.02
Atp11a,51,0.04
Atp11a,56,0.11
Atp11a,61,0.17
Atp11a,66,0.26
Atp11a,71,0.39
Atp11a,76,0.63
Atp11a,81,0.67
Atp11a,86,0.88
Atp11a,91,0.88
Atp11a,96,0.94
Atp11a,101,1
Atp11a,106,1
Atp11a,111,1
Atp11a,116,1
Atp11a,121,1
Atp11a,126,1
Atp11a,131,1
Atp11a,136,1
Atp6v1e1,1,0
Atp6v1e1,6,0
Atp6v1e1,11,0
Atp6v1e1,16,0
Atp6v1e1,21,0
Atp6v1e1,26,0
Atp6v1g1,1,0
Atp6v1g1,6,0
Atp6v1g1,11,0
Atp6v1g1,16,0
Atp6v1g1,21,0
Atp6v1g1,26,0
Atp8b2,1,0
Atp8b2,6,0
Atp8b2,11,0.04
Atp8b2,16,0.13
Atp8b2,21,0.34
Atp8b2,26,0.57
Atp8b2,31,0.77
Atp8b2,36,0.87
Atp8b2,41,0.98
Atp8b2,46,1
Atp8b2,51,1
Atp8b2,56,1
Atp8b2,61,1
Atp8b2,66,1
Atp8b2,71,1
Atp8b2,76,1
Atp8b2,81,1
Atp8b2,86,1
Atp8b2,91,1
Atp8b2,96,1
Atp8b2,101,1
Atp8b2,106,1
Atp8b2,111,1
Atrx,1,0
Atrx,6,0
Atrx,11,0
Atrx,16,0
Atrx,21,0
Atrx,26,0
Atxn2l,1,0
Atxn2l,6,0
Atxn2l,11,0
Atxn2l,16,0
Atxn2l,21,0
Atxn2l,26,0
Atxn2l,31,0
Atxn2l,36,0
Atxn2l,41,0
Atxn2l,46,0
Atxn2l,51,0
Atxn2l,56,0
Atxn2l,61,0
Atxn2l,66,0
Atxn2l,71,0
Atxn2l,76,0
Atxn2l,81,0
Bag1,1,0
Bag1,6,0
Bag1,11,0
Bag1,16,0
Bag1,21,0
Bag1,26,0
Bag1,31,0
Bag1,36,0
Bag1,41,0
Bag1,46,0
Bag1,51,0
Bag1,56,0
Bag1,61,0
Bag1,66,0
Bag1,71,0
Bag1,76,0
Bag1,81,0
Barhl1,1,0
Barhl1,6,0
Barhl1,11,0
Barhl1,16,0
Barhl1,21,0
Barhl1,26,0
Barhl1,31,0
Barhl1,36,0
Barhl1,41,0
Barhl1,46,0
Barhl1,51,0
Barhl1,56,0
Barhl1,61,0
Barhl1,66,0
Barhl1,71,0
Barhl1,76,0
Barhl1,81,0
Barhl1,86,0
Barhl1,91,0
Bcl9l,1,0
Bcl9l,6,0
Bcl9l,11,0
Bcl9l,16,0
Bcl9l,21,0
Bcl9l,26,0
Bcl9l,31,0
Bcl9l,36,0
Bcl9l,41,0
Bcl9l,46,0
Bcl9l,51,0.01
Bcl9l,56,0.03
Bcl9l,61,0.05
Bcl9l,66,0.12
Bcl9l,71,0.3
Bcl9l,76,0.43
Bcl9l,81,0.49
Bcl9l,86,0.63
Bcl9l,91,0.74
Bcl9l,96,0.84
Bcl9l,101,0.98
Bcl9l,106,0.95
Bcl9l,111,1
Bcl9l,116,0.99
Bcl9l,121,1
Bcl9l,126,1
Bcl9l,131,1
Bcl9l,136,1
Bcl9l,141,1
Bcl9l,146,1
Bms1,1,0
Bms1,6,0
Bms1,11,0
Bms1,16,0
Bms1,21,0
Bms1,26,0
Bms1,31,0
Bms1,36,0
Bms1,41,0
Bms1,46,0
Bms1,51,0
Bms1,56,0
Bms1,61,0
Bri3,1,0
Bri3,6,0
Bri3,11,0
Bri3,16,0
Bri3,21,0.01
Bri3,26,0
Bri3,31,0.01
Bri3,36,0.04
Bri3,41,0.17
Bri3,46,0.31
Bri3,51,0.33
Bri3,56,0.49
Bri3,61,0.69
Bri3,66,0.81
Bri3,71,0.89
Bri3,76,0.92
Bri3,81,0.98
Bri3,86,1
Bri3,91,1
Bri3,96,1
Brk1,1,0
Brk1,6,0
Brk1,11,0
Brk1,16,0
Bub1b,1,0
Bub1b,6,0
Bub1b,11,0
C2cd5,1,0
C2cd5,6,0
C2cd5,11,0
C2cd5,16,0
C2cd5,21,0
C2cd5,26,0
C2cd5,31,0
C2cd5,36,0
C2cd5,41,0
C2cd5,46,0
C2cd5,51,0
C2cd5,56,0
C2cd5,61,0
C2cd5,66,0.01
C2cd5,71,0.01
C2cd5,76,0.07
C2cd5,81,0.09
C2cd5,86,0.17
C2cd5,91,0.21
C2cd5,96,0.21
C2cd5,101,0.49
C2cd5,106,0.55
C2cd5,111,0.81
C2cd5,116,0.86
C2cd5,121,0.91
C2cd5,126,0.94
C2cd5,131,0.98
C2cd5,136,1
C2cd5,141,1
C2cd5,146,0.99
C2cd5,151,1
C2cd5,156,1
C2cd5,161,1
C2cd5,166,1
C2cd5,171,1
C2cd5,176,1
C2cd5,181,1
Cab39,1,0
Cab39,6,0
Cab39,11,0
Cab39,16,0
Cab39,21,0
Cab39,26,0
Cab39,31,0
Cab39,36,0
Cab39,41,0
Cab39,46,0
Cab39,51,0
Cab39,56,0
Cab39,61,0
Cab39,66,0
Cab39,71,0.13
Cab39,76,0.77
Cadps2,1,0
Cadps2,6,0
Cadps2,11,0
Cadps2,16,0
Cadps2,21,0
Cadps2,26,0
Cadps2,31,0
Cadps2,36,0
Cadps2,41,0
Cadps2,46,0
Cadps2,51,0
Cadps2,56,0
Cadps2,61,0
Cadps2,66,0
Cadps2,71,0
Cadps2,76,0
Cadps2,81,0
Cadps2,86,0
Cadps2,91,0
Cadps2,96,0
Cadps2,101,0.01
Cadps2,106,0.02
Cadps2,111,0.05
Cadps2,116,0.21
Cadps2,121,0.27
Cadps2,126,0.46
Cadps2,131,0.6
Cadps2,136,0.7
Cadps2,141,0.93
Cadps2,146,0.95
Cadps2,151,1
Cadps2,156,1
Cadps2,161,1
Cadps2,166,1
Camsap2,1,0
Camsap2,6,0
Camsap2,11,0
Camsap2,16,0
Camsap2,21,0
Camsap2,26,0
Camsap2,31,0
Camsap2,36,0.01
Camsap2,41,0.02
Camsap2,46,0.06
Camsap2,51,0.09
Camsap2,56,0.35
Camsap2,61,0.57
Camsap2,66,0.67
Camsap2,71,0.88
Camsap2,76,0.95
Camsap2,81,0.99
Camsap2,86,1
Camsap2,91,1
Capn2,1,0
Capn2,6,0
Capn2,11,0
Capn2,16,0
Capn2,21,0
Capn2,26,0
Capn2,31,0
Capn2,36,0
Capn2,41,0.01
Capn2,46,0.11
Capn2,51,0.26
Capn2,56,0.4
Capn2,61,0.75
Capn2,66,0.95
Capn2,71,0.98
Capn2,76,1
Caprin2,1,0
Caprin2,6,0
Caprin2,11,0
Caprin2,16,0
Caprin2,21,0
Caprin2,26,0
Caprin2,31,0
Caprin2,36,0
Caprin2,41,0
Caprin2,46,0
Caprin2,51,0
Caprin2,56,0
Caprin2,61,0
Caprin2,66,0
Caprin2,71,0
Caprin2,76,0
Caprin2,81,0
Caprin2,86,0
Caprin2,91,0
Caprin2,96,0
Capzb,1,0
Capzb,6,0
Car10,1,0
Car10,6,0
Car10,11,0
Car10,16,0
Car10,21,0
Car10,26,0
Car10,31,0
Car10,36,0.01
Car10,41,0.03
Car10,46,0.05
Car10,51,0.18
Car10,56,0.22
Car10,61,0.27
Car10,66,0.43
Car10,71,0.57
Car10,76,0.61
Car10,81,0.73
Car10,86,0.73
Car10,91,0.88
Car10,96,0.95
Car10,101,0.96
Car10,106,0.99
Car10,111,0.99
Car10,116,1
Car10,121,1
Car10,126,1
Car10,131,1
Car10,136,1
Car10,141,1
Casp8ap2,1,0.05
Casp8ap2,6,0.23
Casp8ap2,11,0.43
Casp8ap2,16,0.49
Casp8ap2,21,0.75
Casp8ap2,26,0.91
Cbl,1,0
Cbl,6,0
Cbl,11,0
Cbl,16,0
Cbl,21,0
Cbl,26,0
Cbl,31,0
Cbl,36,0
Cbl,41,0
Cbl,46,0
Cbl,51,0.01
Cbl,56,0.01
Cbl,61,0.03
Cbl,66,0.07
Cbl,71,0.12
Cbl,76,0.17
Cbl,81,0.35
Cbl,86,0.44
Cbl,91,0.48
Cbl,96,0.53
Cbl,101,0.61
Cbl,106,0.8
Cbl,111,0.88
Cbl,116,0.8
Cbl,121,0.81
Cbl,126,0.9
Cbl,131,0.91
Cbl,136,0.88
Cbl,141,0.93
Cbl,146,0.99
Ccdc174,1,0
Ccdc174,6,0.02
Ccdc174,11,0.08
Ccdc174,16,0.15
Ccdc174,21,0.25
Ccdc174,26,0.43
Ccdc174,31,0.43
Ccdc174,36,0.63
Ccdc174,41,0.68
Ccdc174,46,0.85
Ccdc174,51,0.97
Ccdc174,56,0.99
Ccdc174,61,1
Ccdc174,66,1
Ccdc186,1,0
Ccdc186,6,0
Ccdc186,11,0
Ccdc186,16,0
Ccdc186,21,0
Ccdc186,26,0
Ccdc186,31,0
Ccdc186,36,0
Ccdc186,41,0
Ccdc186,46,0
Ccdc186,51,0
Ccdc186,56,0
Ccdc186,61,0
Ccdc186,66,0
Ccdc186,71,0
Ccdc186,76,0
Ccdc186,81,0
Ccdc186,86,0
Ccdc186,91,0
Ccdc186,96,0
Ccdc186,101,0
Ccnd1,1,0
Ccnd1,6,0.03
Ccnd1,11,0.1
Ccnd1,16,0.19
Ccnd1,21,0.11
Ccnd1,26,0.17
Ccnd1,31,0.23
Ccnd1,36,0.35
Ccnd1,41,0.35
Ccnd1,46,0.38
Ccnd1,51,0.41
Ccnd1,56,0.53
Ccnd1,61,0.59
Ccnd1,66,0.56
Ccnd1,71,0.66
Ccnd1,76,0.58
Ccnd1,81,0.69
Ccnd1,86,0.82
Ccnd1,91,0.81
Ccnd1,96,0.82
Ccnd1,101,0.88
Ccnd1,106,0.94
Ccnd1,111,0.98
Ccne2,1,0
Ccne2,6,0
Ccne2,11,0.01
Ccne2,16,0.05
Ccne2,21,0.24
Ccne2,26,0.81
Cdh2,1,0
Cdh2,6,0
Cdh2,11,0
Cdh2,16,0
Cdh2,21,0
Cdh2,26,0
Cdh2,31,0
Cdh2,36,0
Cdh2,41,0
Cdh2,46,0
Cdh2,51,0
Cdh2,56,0
Cdh2,61,0
Cdh2,66,0
Cdh2,71,0
Cdh2,76,0
Cdh2,81,0
Cdh2,86,0
Cdh2,91,0
Cdh6,1,0
Cdh6,6,0
Cdh6,11,0
Cdh6,16,0
Cdh6,21,0
Cdh6,26,0
Cdh6,31,0
Cdh6,36,0
Cdh6,41,0.01
Cdh6,46,0
Cdh6,51,0.03
Cdh6,56,0.11
Cdh6,61,0.08
Cdh6,66,0.31
Cdh6,71,0.48
Cdh6,76,0.77
Cdh6,81,0.95
Cdh6,86,0.97
Cdh6,91,0.99
Cdh6,96,1
Cdh6,101,1
Cdh6,106,1
Cdk6,1,0
Cdk6,6,0
Cdk6,11,0
Cdk6,16,0.07
Cdk6,21,0.08
Cdk6,26,0.27
Cdk6,31,0.38
Cdk6,36,0.43
Cdk6,41,0.51
Cdk6,46,0.59
Cdk6,51,0.63
Cdk6,56,0.66
Cdk6,61,0.79
Cdk6,66,0.81
Cdk6,71,0.89
Cdk6,76,0.9
Cdk6,81,0.96
Cebpa,1,0
Cebpa,6,0
Cebpa,11,0
Cebpa,16,0
Cebpa,21,0
Cebpa,26,0
Cebpa,31,0
Cebpa,36,0
Cebpa,41,0
Cebpa,46,0
Cebpa,51,0
Cebpa,56,0
Cebpa,61,0
Cebpa,66,0
Cebpa,71,0
Cebpa,76,0
Cebpa,81,0
Cebpa,86,0
Cebpa,91,0
Cebpa,96,0.01
Cebpa,101,0.06
Cebpa,106,0.1
Cebpa,111,0.21
Cebpa,116,0.36
Cebpa,121,0.53
Cebpa,126,0.65
Cebpa,131,0.88
Cebpa,136,0.97
Cebpa,141,1
Cep350,1,0
Cep350,6,0
Cep350,11,0
Cep350,16,0
Cep350,21,0
Cep350,26,0
Cep350,31,0
Cep350,36,0
Cep350,41,0
Cep350,46,0
Cep55,1,0
Cep55,6,0
Cep55,11,0
Chd7,1,0
Chd7,6,0
Chd7,11,0
Chd7,16,0
Chd7,21,0
Chd7,26,0
Chd7,31,0
Chd7,36,0
Chd7,41,0
Chd7,46,0.03
Chd7,51,0.01
Chd7,56,0.06
Chd7,61,0.09
Chd7,66,0.15
Chd7,71,0.11
Chd7,76,0.22
Chd7,81,0.34
Chd7,86,0.41
Chd7,91,0.49
Chd7,96,0.52
Chd7,101,0.67
Chd7,106,0.74
Chd7,111,0.86
Chd7,116,0.89
Chd7,121,0.89
Chd7,126,0.94
Chd7,131,0.99
Chd7,136,0.98
Chd7,141,0.97
Chd7,146,1
Chd7,151,1
Chd7,156,1
Chd7,161,1
Chd7,166,1
Chd7,171,1
Chd7,176,1
Chd7,181,1
Chd7,186,1
Chd7,191,1
Chd7,196,1
Chd7,201,1
Chd7,206,1
Chd7,211,1
Chd7,216,1
Chd7,221,1
Chd7,226,1
Chd7,231,1
Chd7,236,1
Chd7,241,1
Chd7,246,1
Chtf18,1,0
Chtf18,6,0
Cit,1,0
Cit,6,0
Cit,11,0
Cit,16,0
Cit,21,0
Cit,26,0
Cit,31,0
Cit,36,0
Cit,41,0
Cit,46,0
Ckap2,1,0
Ckap2,6,0
Ckap2,11,0
Ckap2,16,0
Ckap2,21,0
Ckap2,26,0
Ckap2,31,0
Ckap2,36,0.01
Ckap2,41,0.02
Ckap2,46,0.3
Ckap2,51,0.32
Ckap2,56,0.58
Ckap2,61,0.76
Ckap2,66,0.91
Ckap2,71,0.99
Ckap2l,1,0
Ckap2l,6,0
Ckap2l,11,0
Ckap2l,16,0
Ckap2l,21,0
Ckap2l,26,0
Ckap2l,31,0
Ckap2l,36,0
Ckap2l,41,0
Ckap2l,46,0
Ckap2l,51,0
Ckap2l,56,0
Ckap2l,61,0
Ckap2l,66,0
Ckap2l,71,0
Ckap2l,76,0
Ckap2l,81,0
Ckap2l,86,0
Ckap2l,91,0
Ckap2l,96,0
Ckap2l,101,0
Ckap2l,106,0.03
Ckap2l,111,0.05
Ckap2l,116,0.07
Ckap2l,121,0.1
Ckap2l,126,0.25
Ckap2l,131,0.35
Ckap2l,136,0.42
Ckap2l,141,0.54
Ckap2l,146,0.7
Ckap2l,151,0.83
Ckap2l,156,0.91
Ckap2l,161,0.91
Ckap2l,166,0.97
Ckap2l,171,1
Ckap2l,176,1
Ckap2l,181,1
Ckap2l,186,1
Ckap2l,191,1
Ckap2l,196,1
Ckap2l,201,1
Ckap2l,206,1
Ckap2l,211,1
Cltb,1,0
Cltb,6,0
Cltb,11,0
Cltb,16,0.09
Cltb,21,0.09
Cltb,26,0.18
Cltb,31,0.28
Cltb,36,0.46
Cltb,41,0.66
Cltb,46,0.73
Cltb,51,0.94
Cltb,56,0.99
Cltb,61,0.99
Cltb,66,1
Cltb,71,1
Cltb,76,1
Cltb,81,1
Cltb,86,1
Cltb,91,1
Cltb,96,1
Cnga1,1,0
Cnga1,6,0
Cnga1,11,0
Cnga1,16,0
Cnga1,21,0
Cnga1,26,0
Cnga1,31,0
Cnga1,36,0
Cnga1,41,0
Cnga1,46,0
Cnga1,51,0
Cnga1,56,0.02
Cnga1,61,0.17
Cnga1,66,0.42
Cnga1,71,0.59
Cnga1,76,0.75
Cnga1,81,0.89
Cnga1,86,1
Cnot6l,1,0
Cnot6l,6,0
Cnot6l,11,0
Cnot6l,16,0
Cnot6l,21,0
Cnot6l,26,0
Cnot6l,31,0
Cnot6l,36,0
Cnot6l,41,0.01
Cnot6l,46,0.03
Cnot6l,51,0.06
Cnot6l,56,0.16
Cnot6l,61,0.43
Cnot6l,66,0.54
Cnot6l,71,0.76
Cnot6l,76,0.84
Cnot6l,81,0.97
Cnot6l,86,0.99
Cnot6l,91,0.99
Cnot6l,96,1
Cnot6l,101,1
Cog3,1,0
Cog3,6,0
Cog3,11,0
Cog3,16,0
Cog3,21,0
Cog3,26,0
Cog5,1,0
Cog5,6,0
Cog5,11,0
Cog5,16,0
Cog5,21,0.01
Cog5,26,0.04
Cog5,31,0.12
Cog5,36,0.29
Cog5,41,0.4
Cog5,46,0.59
Cog5,51,0.81
Cog5,56,0.88
Cog5,61,0.95
Cog5,66,0.97
Cog5,71,0.99
Cog5,76,1
Cog5,81,1
Cog5,86,1
Col13a1,1,0
Col13a1,6,0
Col13a1,11,0
Col13a1,16,0
Col13a1,21,0
Col13a1,26,0
Col13a1,31,0
Col13a1,36,0
Col13a1,41,0
Col13a1,46,0
Col13a1,51,0.01
Col13a1,56,0.02
Col13a1,61,0.12
Col13a1,66,0.3
Col13a1,71,0.41
Col13a1,76,0.62
Col13a1,81,0.85
Col13a1,86,0.84
Col13a1,91,0.98
Col13a1,96,1
Col13a1,101,1
Col13a1,106,1
Col4a2,1,0
Col4a2,6,0
Col4a2,11,0
Col4a2,16,0
Col4a2,21,0
Col4a2,26,0
Col4a2,31,0
Col4a2,36,0
Col4a2,41,0
Col4a2,46,0
Col4a2,51,0
Col4a2,56,0
Col4a2,61,0
Col4a2,66,0
Col4a2,71,0
Col4a2,76,0
Col4a2,81,0
Col4a2,86,0
Col4a2,91,0
Col4a2,96,0
Col4a2,101,0
Col4a2,106,0
Col4a2,111,0
Col4a2,116,0
Col4a2,121,0
Col4a2,126,0
Col4a2,131,0
Col4a2,136,0
Col4a2,141,0
Col4a2,146,0
Col4a2,151,0
Col4a2,156,0
Col4a2,161,0
Col4a2,166,0
Col4a2,171,0
Col4a2,176,0
Col4a2,181,0
Col4a2,186,0
Col4a2,191,0
Col4a2,196,0
Col4a2,201,0
Col4a2,206,0
Col4a2,211,0
Col4a2,216,0
Col6a6,1,0
Col6a6,6,0
Col6a6,11,0
Col6a6,16,0
Col6a6,21,0
Col6a6,26,0
Col6a6,31,0
Col6a6,36,0
Col6a6,41,0
Col6a6,46,0
Col6a6,51,0.01
Col6a6,56,0.04
Col6a6,61,0.18
Col6a6,66,0.31
Col6a6,71,0.38
Col6a6,76,0.66
Col6a6,81,0.83
Col6a6,86,0.94
Col6a6,91,0.97
Col6a6,96,0.99
Col6a6,101,1
Col6a6,106,1
Col6a6,111,1
Copb1,1,0
Copb1,6,0
Copb1,11,0
Copb1,16,0.08
Copb1,21,0.3
Copb1,26,0.6
Copb1,31,0.89
Copb1,36,0.99
Copb1,41,1
Copb2,1,0.07
Copb2,6,0.19
Copb2,11,0.44
Copb2,16,0.67
Copb2,21,0.92
Copg1,1,0
Copg1,6,0
Copg1,11,0
Copg1,16,0
Copg1,21,0
Copg1,26,0
Copg1,31,0
Copg1,36,0
Copg1,41,0
Copg1,46,0
Copg1,51,0
Copg1,56,0
Copg1,61,0
Copg1,66,0
Copg1,71,0
Copg1,76,0
Copg1,81,0
Copg1,86,0
Copg1,91,0
Copg1,96,0
Copg1,101,0
Copg1,106,0
Copg1,111,0
Copg1,116,0
Coro1b,1,0
Coro1b,6,0
Coro1b,11,0
Coro1b,16,0
Coro1b,21,0
Coro1b,26,0
Coro1b,31,0
Coro1b,36,0
Coro1b,41,0
Coro1b,46,0
Coro1b,51,0
Coro1b,56,0
Coro1b,61,0
Coro1b,66,0
Coro1b,71,0.03
Coro1b,76,0.02
Coro1b,81,0.1
Coro1b,86,0.16
Coro1b,91,0.39
Coro1b,96,0.43
Coro1b,101,0.59
Coro1b,106,0.76
Coro1b,111,0.84
Coro1b,116,0.92
Coro1b,121,0.98
Coro1b,126,1
Cox7c,1,0
Cox7c,6,0.01
Cox7c,11,0.05
Cox7c,16,0.16
Cox7c,21,0.52
Cox7c,26,0.67
Cox7c,31,0.85
Cox7c,36,1
Cox7c,41,1
Cpt1a,1,0
Cpt1a,6,0
Cpt1a,11,0
Cpt1a,16,0
Cpt1a,21,0
Cpt1a,26,0
Cpt1a,31,0
Cpt1a,36,0
Cpt1a,41,0
Cpt1a,46,0
Cpt1a,51,0
Cpt1a,56,0
Cpt1a,61,0
Cpt1a,66,0
Cpt1a,71,0
Cpt1a,76,0
Crebbp,1,0
Crebbp,6,0
Crebbp,11,0
Crebbp,16,0
Crebbp,21,0.01
Crebbp,26,0.03
Crebbp,31,0.03
Crebbp,36,0.05
Crebbp,41,0.1
Crebbp,46,0.13
Crebbp,51,0.16
Crebbp,56,0.18
Crebbp,61,0.2
Crebbp,66,0.37
Crebbp,71,0.4
Crebbp,76,0.39
Crebbp,81,0.57
Crebbp,86,0.6
Crebbp,91,0.6
Crebbp,96,0.65
Crebbp,101,0.76
Crebbp,106,0.83
Crebbp,111,0.81
Crebbp,116,0.86
Crebbp,121,0.89
Crebbp,126,0.85
Crebbp,131,0.91
Crebbp,136,0.9
Crebbp,141,1
Crebbp,146,0.98
Crebbp,151,0.98
Crebbp,156,0.99
Crebbp,161,0.99
Crebbp,166,1
Crebbp,171,0.99
Crebbp,176,0.99
Crebbp,181,1
Crebbp,186,1
Crebbp,191,1
Crebbp,196,1
Crebbp,201,1
Crebbp,206,1
Crebbp,211,1
Crebbp,216,1
Crebbp,221,1
Crebbp,226,1
Crebbp,231,1
Crebbp,236,1
Crebbp,241,1
Crebbp,246,1
Crebbp,251,1
Crebbp,256,1
Crebbp,261,1
Crebbp,266,1
Crebbp,271,1
Crebbp,276,1
Crebbp,281,1
Crebbp,286,1
Crebbp,291,1
Crebbp,296,1
Crebbp,301,1
Crebbp,306,1
Crebbp,311,1
Crebbp,316,1
Crebbp,321,1
Crnn,1,0
Crnn,6,0
Crnn,11,0
Crnn,16,0
Crnn,21,0
Crnn,26,0
Crnn,31,0
Crnn,36,0
Crnn,41,0
Crnn,46,0
Crnn,51,0
Crnn,56,0
Crnn,61,0
Crnn,66,0.01
Crnn,71,0.02
Crnn,76,0.12
Crnn,81,0.28
Crnn,86,0.37
Crnn,91,0.7
Crnn,96,0.88
Crnn,101,0.99
Csnk1a1,1,0
Csnk1a1,6,0
Csnk1a1,11,0
Csnk1a1,16,0
Csnk1a1,21,0
Csnk1a1,26,0
Csnk1a1,31,0
Csnk1a1,36,0
Csnk1a1,41,0
Csnk1a1,46,0
Csnk1a1,51,0.01
Csnk1a1,56,0.01
Csnk1a1,61,0.02
Csnk1a1,66,0.03
Csnk1a1,71,0.02
Csnk1a1,76,0.14
Csnk1a1,81,0.16
Csnk1a1,86,0.17
Csnk1a1,91,0.17
Csnk1a1,96,0.27
Csnk1a1,101,0.42
Csnk1a1,106,0.38
Csnk1a1,111,0.58
Csnk1a1,116,0.54
Csnk1a1,121,0.64
Csnk1a1,126,0.68
Csnk1a1,131,0.68
Csnk1a1,136,0.79
Csnk1a1,141,0.79
Csnk1a1,146,0.88
Csnk1a1,151,0.9
Csnk1a1,156,0.99
Csnk1a1,161,0.98
Csnk1a1,166,0.97
Csnk1a1,171,1
Csnk1a1,176,1
Csnk1a1,181,1
Csnk1a1,186,1
Csnk1a1,191,1
Csnk1a1,196,1
Csnk1a1,201,1
Csnk1a1,206,1
Csnk1a1,211,1
Csnk1a1,216,1
Csnk1a1,221,1
Csnk1a1,226,1
Csnk1a1,231,1
Csnk1a1,236,1
Csnk1a1,241,1
Csnk1a1,246,1
Csnk1a1,251,1
Csnk1a1,256,1
Csnk1a1,261,1
Csnk1a1,266,1
Csnk1a1,271,1
Ctnna1,1,0
Ctnna1,6,0
Ctnna1,11,0
Ctnna1,16,0
Ctnna1,21,0
Ctnna1,26,0
Ctnna1,31,0
Ctnna1,36,0
Ctnna1,41,0
Ctnna1,46,0
Ctnna1,51,0
Ctnna1,56,0
Ctnna1,61,0
Ctnna1,66,0
Ctnna1,71,0
Ctnna1,76,0
Ctnna1,81,0
Ctnna1,86,0
Ctnnd1,1,0
Ctnnd1,6,0
Ctnnd1,11,0
Ctnnd1,16,0
Ctnnd1,21,0
Ctnnd1,26,0
Ctnnd1,31,0
Ctnnd1,36,0
Ctnnd1,41,0
Ctnnd1,46,0
Ctnnd1,51,0
Ctnnd1,56,0
Ctnnd1,61,0
Ctnnd1,66,0
Ctnnd1,71,0
Ctnnd1,76,0
Ctnnd1,81,0
Ctnnd1,86,0
Ctnnd1,91,0
Ctnnd1,96,0
Ctnnd1,101,0
Ctnnd1,106,0
Ctnnd1,111,0
Ctnnd1,116,0
Ctnnd1,121,0
Ctnnd1,126,0
Ctnnd1,131,0
Ctnnd1,136,0
Ctnnd1,141,0
Ctnnd1,146,0
Ctnnd1,151,0
Ctnnd1,156,0
Ctnnd1,161,0
Ctnnd1,166,0
Ctnnd1,171,0
Ctnnd1,176,0
Cul2,1,0
Cul2,6,0
Cul2,11,0
Cul2,16,0
Cul5,1,0
Cul5,6,0
Cul5,11,0
Cul5,16,0
Cul5,21,0
Cul5,26,0
Cul5,31,0
Cul5,36,0
Cul5,41,0
Cul5,46,0.01
Cul5,51,0.04
Cul5,56,0.12
Cul5,61,0.21
Cul5,66,0.45
Cul5,71,0.6
Cul5,76,0.86
Cul5,81,0.95
Cul5,86,0.96
Cul5,91,0.99
Cul5,96,1
Cul5,101,1
Cul5,106,1
Cul5,111,1
Dbn1,1,0
Dbn1,6,0
Dbn1,11,0
Dbn1,16,0
Dbn1,21,0
Dbn1,26,0
Dbn1,31,0
Dbn1,36,0
Dbn1,41,0
Dbn1,46,0
Dbn1,51,0
Dbn1,56,0
Dbn1,61,0
Dbn1,66,0
Dbn1,71,0
Dbn1,76,0
Dbn1,81,0
Dbn1,86,0
Dbn1,91,0
Dbn1,96,0
Dbn1,101,0
Dbn1,106,0
Dbn1,111,0
Dbn1,116,0
Dbn1,121,0
Dbn1,126,0
Dbn1,131,0
Ddrgk1,1,0
Ddrgk1,6,0
Ddrgk1,11,0
Ddrgk1,16,0
Ddrgk1,21,0
Ddrgk1,26,0
Ddrgk1,31,0
Ddrgk1,36,0
Ddrgk1,41,0
Ddrgk1,46,0
Ddx21,1,0
Ddx21,6,0
Ddx21,11,0
Ddx6,1,0
Dgka,1,0
Dgka,6,0
Dgka,11,0
Dgka,16,0
Dgka,21,0
Dgka,26,0
Dgka,31,0
Dgka,36,0
Dgka,41,0
Dgka,46,0
Dgka,51,0
Dgka,56,0
Dgka,61,0
Dgka,66,0
Dgka,71,0
Dgka,76,0
Dgka,81,0
Dgka,86,0
Dgka,91,0
Dgka,96,0
Dgka,101,0
Dgka,106,0
Dgka,111,0
Dgka,116,0
Dgka,121,0
Dgka,126,0
Dgka,131,0
Dgka,136,0
Dlg5,1,0
Dlg5,6,0.02
Dlg5,11,0.09
Dlg5,16,0.18
Dlg5,21,0.32
Dlg5,26,0.44
Dlg5,31,0.74
Dlg5,36,0.74
Dlg5,41,0.9
Dlg5,46,0.99
Dlg5,51,0.99
Dlg5,56,1
Dlg5,61,1
Dlg5,66,1
Dlg5,71,1
Dlg5,76,1
Dmxl1,1,0
Dmxl1,6,0
Dmxl1,11,0
Dmxl1,16,0
Dmxl1,21,0
Dmxl1,26,0
Dmxl1,31,0
Dmxl1,36,0
Dmxl1,41,0
Dmxl1,46,0.02
Dmxl1,51,0.13
Dmxl1,56,0.31
Dmxl1,61,0.53
Dmxl1,66,0.87
Dmxl1,71,0.99
Dnm2,1,0
Dnm2,6,0
Dnm2,11,0
Dnm2,16,0
Dnm2,21,0
Dnm2,26,0
Dnm2,31,0
Dnm2,36,0
Dnm2,41,0
Dnm2,46,0
Dnm2,51,0
Dnm2,56,0
Dnm2,61,0
Dnm2,66,0
Dnm2,71,0
Dnm2,76,0
Dnm2,81,0
Dnm2,86,0
Dnm2,91,0
Dnm2,96,0
Dnm2,101,0
Dnm2,106,0
Dnm2,111,0
Dnm2,116,0
Dnm2,121,0
Dnm2,126,0
Dnm2,131,0
Dnm2,136,0
Dnm2,141,0
Dnm2,146,0
Dnm2,151,0
Dnm2,156,0
Dnm2,161,0
Dnm2,166,0
Dnm2,171,0
Dnm2,176,0
Dnm2,181,0
Dstyk,1,0
Dstyk,6,0
Dstyk,11,0
Dstyk,16,0
Dstyk,21,0
Dstyk,26,0
Dstyk,31,0
Dstyk,36,0
Dstyk,41,0
Dstyk,46,0
Dstyk,51,0
Dstyk,56,0
Dstyk,61,0
Dstyk,66,0
Dstyk,71,0
Dstyk,76,0
Dstyk,81,0
Dstyk,86,0
Dstyk,91,0.01
Dstyk,96,0.03
Dstyk,101,0.02
Dstyk,106,0.04
Dstyk,111,0.17
Dstyk,116,0.37
Dstyk,121,0.48
Dstyk,126,0.62
Dstyk,131,0.87
Dstyk,136,0.91
Dstyk,141,0.97
Dstyk,146,0.98
Dstyk,151,1
Dstyk,156,1
Dstyk,161,1
Dstyk,166,1
E2f1,1,0
E2f1,6,0
E2f1,11,0.01
E2f1,16,0.14
E2f1,21,0.41
E2f1,26,0.83
E2f3,1,0
E2f3,6,0
Eef1b2,1,0
Eef1b2,6,0
Eef1b2,11,0
Eef1b2,16,0
Eef1b2,21,0
Eef1b2,26,0
Egfr,1,0
Egfr,6,0
Egfr,11,0
Egfr,16,0
Egfr,21,0
Egfr,26,0
Egfr,31,0
Egfr,36,0.01
Egfr,41,0.01
Egfr,46,0.07
Egfr,51,0.11
Egfr,56,0.33
Egfr,61,0.71
Egfr,66,0.76
Egfr,71,0.95
Egfr,76,1
Egfr,81,1
Egfr,86,1
Egfr,91,1
Ehbp1,1,0
Ehbp1,6,0
Ehbp1,11,0.01
Ehbp1,16,0.3
Ehbp1,21,0.93
Eif4a1,1,0
Eif4a1,6,0.01
Eif4a1,11,0.13
Eif4a1,16,0.38
Eif4a1,21,0.64
Eif4a1,26,0.85
Eif4a1,31,0.97
Eif4a1,36,1
Eif4g1,1,0
Eif4g1,6,0
Eif4g1,11,0
Eif4g1,16,0
Eif4g1,21,0
Eif4g1,26,0
Eif4g1,31,0
Eif4g1,36,0
Eif4g1,41,0
Eif4g1,46,0
Eif4g1,51,0
Eif4g1,56,0.05
Eif4g1,61,1
Eif4g3,1,0
Eif4g3,6,0
Eif4g3,11,0
Eif4g3,16,0
Eif4g3,21,0
Eif4g3,26,0
Eif4g3,31,0
Eif4g3,36,0
Eif4g3,41,0
Eif4g3,46,0
Eif4g3,51,0
Eif4g3,56,0
Eif4g3,61,0
Eif4g3,66,0
Eif4g3,71,0
Eif4g3,76,0
Eif4g3,81,0
Eif4g3,86,0
Eif4g3,91,0
Eif4g3,96,0
Emc1,1,0
Emc1,6,0
Emc1,11,0.03
Emc1,16,0.39
Emc1,21,0.82
Emc1,26,1
Eno1,1,0
Eno1,6,0
Eno1,11,0
Eno1,16,0
Eno1,21,0
Eno1,26,0
Eno1,31,0
Eno1,36,0
Enox1,1,0
Enox1,6,0
Enox1,11,0
Enox1,16,0
Enox1,21,0
Enox1,26,0
Enox1,31,0
Enox1,36,0
Enox1,41,0
Enox1,46,0
Enox1,51,0
Enox1,56,0
Enox1,61,0
Enox1,66,0
Enox1,71,0
Enox1,76,0
Enox1,81,0
Enox1,86,0
Enox1,91,0
Enox1,96,0
Enox1,101,0
Enox1,106,0
Enox1,111,0
Enox1,116,0
Enox1,121,0
Enox1,126,0
Ep300,1,0
Ep300,6,0
Ep300,11,0
Ep300,16,0
Ep300,21,0
Ep300,26,0
Ep300,31,0
Ep300,36,0
Ep300,41,0
Ep300,46,0
Ep300,51,0
Ep300,56,0
Ep300,61,0
Ep300,66,0
Ep300,71,0.02
Ep300,76,0.19
Ep300,81,0.46
Ep300,86,0.7
Ep300,91,0.98
Ep400,1,0
Ep400,6,0
Ep400,11,0
Ep400,16,0
Epas1,1,0
Epas1,6,0
Epas1,11,0
Epas1,16,0
Epas1,21,0
Epas1,26,0
Epas1,31,0.01
Epas1,36,0.06
Epas1,41,0.09
Epas1,46,0.09
Epas1,51,0.17
Epas1,56,0.23
Epas1,61,0.28
Epas1,66,0.54
Epas1,71,0.43
Epas1,76,0.56
Epas1,81,0.63
Epas1,86,0.74
Epas1,91,0.81
Epas1,96,0.77
Epas1,101,0.9
Epas1,106,0.94
Epas1,111,0.99
Epas1,116,0.99
Epas1,121,0.99
Epas1,126,1
Epas1,131,1
Epas1,136,1
Eps8,1,0
Eps8,6,0
Eps8,11,0
Eps8,16,0
Eps8,21,0
Eps8,26,0
Eps8,31,0
Eps8,36,0
Eps8,41,0
Eps8,46,0
Eps8,51,0
Eps8,56,0
Eps8,61,0
Eps8,66,0
Eps8,71,0
Eps8,76,0
Eps8,81,0
Eps8,86,0
Eps8,91,0
Eps8,96,0
Eps8,101,0
Eps8,106,0
Eps8,111,0
Eps8,116,0
Eps8,121,0
Erp44,1,0
Erp44,6,0
Erp44,11,0
Erp44,16,0
Erp44,21,0
Erp44,26,0
Erp44,31,0
Erp44,36,0
Erp44,41,0
Erp44,46,0.05
Erp44,51,0.06
Erp44,56,0.19
Erp44,61,0.43
Erp44,66,0.55
Erp44,71,0.71
Erp44,76,0.86
Erp44,81,0.94
Erp44,86,0.98
Erp44,91,1
Erp44,96,1
Erp44,101,1
Erp44,106,1
Erp44,111,1
Esyt2,1,0
Esyt2,6,0
Esyt2,11,0
Esyt2,16,0
Esyt2,21,0
Esyt2,26,0
Esyt2,31,0
Esyt2,36,0
Esyt2,41,0
Esyt2,46,0
Esyt2,51,0
Esyt2,56,0
Esyt2,61,0
Esyt2,66,0
Esyt2,71,0
Esyt2,76,0
Esyt2,81,0
Esyt2,86,0
Esyt2,91,0
Esyt2,96,0
Esyt2,101,0
Esyt2,106,0.01
Esyt2,111,0.1
Esyt2,116,0.26
Esyt2,121,0.64
Esyt2,126,0.92
Ewsr1,1,0
Ewsr1,6,0
Ewsr1,11,0
Ewsr1,16,0.07
Ewsr1,21,0.12
Ewsr1,26,0.27
Ewsr1,31,0.33
Ewsr1,36,0.49
Ewsr1,41,0.48
Ewsr1,46,0.71
Ewsr1,51,0.82
Ewsr1,56,0.89
Ewsr1,61,0.99
Ewsr1,66,1
Ewsr1,71,1
Ewsr1,76,1
Ewsr1,81,1
Ewsr1,86,1
Ewsr1,91,1
Ewsr1,96,1
Ewsr1,101,1
Ewsr1,106,1
Exoc7,1,0
Exoc7,6,0
Exoc7,11,0
Exoc7,16,0
Exoc7,21,0
Exoc7,26,0
Exoc7,31,0
Exoc7,36,0
Exoc7,41,0
Exoc7,46,0
Exoc7,51,0
Exoc7,56,0
Exoc7,61,0.01
Exoc7,66,0.01
Exoc7,71,0.03
Exoc7,76,0.09
Exoc7,81,0.15
Exoc7,86,0.35
Exoc7,91,0.44
Exoc7,96,0.52
Exoc7,101,0.73
Exoc7,106,0.86
Exoc7,111,0.96
Exoc7,116,0.97
Exoc7,121,0.99
Exoc7,126,1
Exoc7,131,1
F11r,1,0
F11r,6,0
F11r,11,0
F11r,16,0
F11r,21,0
F11r,26,0
F11r,31,0
F11r,36,0
F11r,41,0
F11r,46,0
F11r,51,0
F11r,56,0
F11r,61,0
F11r,66,0
F11r,71,0
F11r,76,0
F11r,81,0
F11r,86,0
F11r,91,0
F11r,96,0
F11r,101,0
F11r,106,0.01
F11r,111,0
F11r,116,0
F11r,121,0.01
F11r,126,0.05
F11r,131,0.11
F11r,136,0.11
F11r,141,0.19
F11r,146,0.26
F11r,151,0.4
F11r,156,0.47
F11r,161,0.8
F11r,166,0.85
F11r,171,0.85
F11r,176,0.96
F11r,181,0.99
F11r,186,1
F11r,191,1
F11r,196,1
F11r,201,1
F11r,206,1
F11r,211,1
F11r,216,1
F11r,221,1
F11r,226,1
F11r,231,1
Fam171a1,1,0
Fam171a1,6,0
Fam171a1,11,0
Fam171a1,16,0
Fam171a1,21,0
Fam171a1,26,0
Fam171a1,31,0
Fam171a1,36,0
Fam171a1,41,0
Fam171a1,46,0
Fam171a1,51,0
Fam171a1,56,0
Fam171a1,61,0
Fam171a1,66,0.05
Fam171a1,71,0.05
Fam171a1,76,0.15
Fam171a1,81,0.25
Fam171a1,86,0.36
Fam171a1,91,0.57
Fam171a1,96,0.76
Fam171a1,101,0.86
Fam171a1,106,0.9
Fam171a1,111,0.95
Fam171a1,116,0.99
Fam171a1,121,1
Fam171a1,126,1
Fam171a1,131,1
Fam171a1,136,1
Fasn,1,0
Fasn,6,0
Fasn,11,0
Fasn,16,0
Fasn,21,0
Fasn,26,0.01
Fasn,31,0.1
Fasn,36,0.19
Fasn,41,0.34
Fasn,46,0.41
Fasn,51,0.68
Fasn,56,0.77
Fasn,61,0.92
Fasn,66,0.96
Fasn,71,1
Fasn,76,0.99
Fasn,81,1
Fasn,86,1
Fasn,91,1
Fasn,96,1
Fasn,101,1
Fasn,106,1
Fasn,111,1
Fasn,116,1
Fasn,121,1
Fbh1,1,0
Fbh1,6,0
Fbh1,11,0
Fbh1,16,0
Fbh1,21,0
Fbh1,26,0.02
Fbh1,31,0
Fbh1,36,0.05
Fbh1,41,0.18
Fbh1,46,0.29
Fbh1,51,0.47
Fbh1,56,0.52
Fbh1,61,0.66
Fbh1,66,0.82
Fbh1,71,0.9
Fbh1,76,0.97
Fbxo30,1,0
Fbxo30,6,0
Fbxo30,11,0
Fbxo30,16,0
Fbxo30,21,0
Fbxo30,26,0.05
Fbxo30,31,0.08
Fbxo30,36,0.2
Fbxo30,41,0.25
Fbxo30,46,0.33
Fbxo30,51,0.62
Fbxo30,56,0.76
Fbxo30,61,0.89
Fbxo30,66,0.96
Fbxo30,71,0.98
Fbxo30,76,1
Fbxo30,81,1
Fbxo30,86,1
Fdps,1,0
Fgfr2,1,0
Fgfr2,6,0
Fgfr2,11,0
Fgfr2,16,0
Fgfr2,21,0
Fgfr2,26,0
Fgfr2,31,0
Fgfr2,36,0
Fgfr2,41,0
Fgfr2,46,0
Fgfr2,51,0
Fgfr2,56,0
Fgfr2,61,0
Fgfr2,66,0
Fgfr2,71,0
Fgfr2,76,0
Fgfr2,81,0
Fgfr2,86,0
Fgfr2,91,0.01
Fgfr2,96,0.01
Fgfr2,101,0.07
Fgfr2,106,0.11
Fgfr2,111,0.43
Fgfr2,116,0.64
Fgfr2,121,0.84
Fgfr2,126,0.89
Fgfr2,131,0.99
Fhod1,1,0
Fhod1,6,0
Fhod1,11,0
Fhod1,16,0
Fhod1,21,0
Fhod1,26,0
Fhod1,31,0
Fhod1,36,0
Fhod1,41,0
Fhod1,46,0
Fhod1,51,0
Fhod1,56,0
Fhod1,61,0
Fhod1,66,0
Fhod1,71,0
Fhod1,76,0
Fhod1,81,0
Fhod1,86,0
Fhod1,91,0
Foxa2,1,0
Foxa2,6,0
Foxa2,11,0
Foxa2,16,0
Foxa2,21,0
Foxa2,26,0
Foxa2,31,0
Foxa2,36,0
Foxa2,41,0
Foxa2,46,0
Foxa2,51,0
Foxa2,56,0
Foxa2,61,0
Foxa2,66,0
Foxa2,71,0
Foxa2,76,0
Foxa2,81,0
Foxa2,86,0
Foxa2,91,0
Foxa2,96,0
Foxa2,101,0
Foxa2,106,0
Foxa2,111,0
Foxa2,116,0
Foxa2,121,0
Foxa2,126,0
Foxa2,131,0
Foxa2,136,0
Foxa2,141,0
Foxa2,146,0
Foxa3,1,0
Foxa3,6,0
Foxa3,11,0
Foxa3,16,0
Foxa3,21,0
Foxa3,26,0
Foxa3,31,0
Foxa3,36,0
Foxa3,41,0
Foxa3,46,0
Foxa3,51,0
Foxa3,56,0
Foxa3,61,0
Foxa3,66,0
Foxa3,71,0.01
Foxa3,76,0.01
Foxa3,81,0.02
Foxa3,86,0.24
Foxa3,91,0.25
Foxa3,96,0.56
Foxa3,101,0.68
Foxa3,106,0.88
Foxa3,111,0.96
Foxa3,116,0.98
Foxa3,121,1
Fpr2,1,0
Fpr2,6,0
Fpr2,11,0
Fpr2,16,0
Fpr2,21,0
Fpr2,26,0
Fpr2,31,0
Fpr2,36,0.01
Fpr2,41,0.05
Fpr2,46,0.12
Fpr2,51,0.22
Fpr2,56,0.26
Fpr2,61,0.37
Fpr2,66,0.59
Fpr2,71,0.77
Fpr2,76,0.81
Fpr2,81,0.95
Fpr2,86,0.95
Fpr2,91,0.98
Fpr2,96,0.98
Fpr2,101,1
Fpr2,106,1
Fpr2,111,1
Fxyd5,1,0.01
Fxyd5,6,0.12
Fxyd5,11,0.16
Fxyd5,16,0.25
Fxyd5,21,0.32
Fxyd5,26,0.43
Fxyd5,31,0.47
Fxyd5,36,0.44
Fxyd5,41,0.6
Fxyd5,46,0.66
Fxyd5,51,0.73
Fxyd5,56,0.8
Fxyd5,61,0.94
Fxyd5,66,1
Gaa,1,0
Gaa,6,0
Gaa,11,0.11
Gaa,16,0.14
Gaa,21,0.28
Gaa,26,0.36
Gaa,31,0.36
Gaa,36,0.52
Gaa,41,0.71
Gaa,46,0.86
Gaa,51,0.93
Gaa,56,1
Gaa,61,1
Gaa,66,1
Gaa,71,1
Gaa,76,1
Gabbr2,1,0
Gabbr2,6,0
Gabbr2,11,0
Gabbr2,16,0
Gabbr2,21,0
Gabbr2,26,0
Gabbr2,31,0
Gabbr2,36,0
Gabbr2,41,0.02
Gabbr2,46,0.1
Gabbr2,51,0.25
Gabbr2,56,0.49
Gabbr2,61,0.67
Gabbr2,66,0.83
Gabbr2,71,0.93
Gabbr2,76,0.99
Gabbr2,81,1
Gabbr2,86,1
Gabbr2,91,1
Gabrr1,1,0
Gabrr1,6,0
Gabrr1,11,0
Gabrr1,16,0
Gabrr1,21,0
Gabrr1,26,0
Gabrr1,31,0
Gabrr1,36,0
Gabrr1,41,0
Gabrr1,46,0
Gabrr1,51,0
Gabrr1,56,0
Gabrr1,61,0
Gabrr1,66,0
Gabrr1,71,0
Gabrr1,76,0.04
Gabrr1,81,0.13
Gabrr1,86,0.25
Gabrr1,91,0.4
Gabrr1,96,0.57
Gabrr1,101,0.69
Gabrr1,106,0.88
Gabrr1,111,0.96
Gabrr1,116,1
Gart,1,0
Gart,6,0
Gata4,1,0
Gata4,6,0
Gata4,11,0
Gata4,16,0
Gata4,21,0
Gata4,26,0
Gata4,31,0
Gata4,36,0
Gata4,41,0
Gata4,46,0
Gata4,51,0
Gata4,56,0
Gata4,61,0.04
Gata4,66,0.05
Gata4,71,0.03
Gata4,76,0.12
Gata4,81,0.23
Gata4,86,0.26
Gata4,91,0.31
Gata4,96,0.39
Gata4,101,0.53
Gata4,106,0.67
Gata4,111,0.7
Gata4,116,0.78
Gata4,121,0.89
Gata4,126,0.98
Gata4,131,0.99
Gata4,136,0.99
Gata4,141,1
Gata4,146,1
Gata6,1,0
Gata6,6,0
Gata6,11,0
Gata6,16,0
Gata6,21,0
Gata6,26,0
Gata6,31,0.01
Gata6,36,0.03
Gata6,41,0.12
Gata6,46,0.32
Gata6,51,0.42
Gata6,56,0.59
Gata6,61,0.69
Gata6,66,0.83
Gata6,71,0.89
Gata6,76,0.97
Gata6,81,0.98
Gata6,86,0.99
Gata6,91,1
Gata6,96,1
Gata6,101,1
Gata6,106,1
Gata6,111,1
Gata6,116,1
Gata6,121,1
Gata6,126,1
Gata6,131,1
Gata6,136,1
Gata6,141,1
Gfi1,1,0
Gfi1,6,0
Gfi1,11,0
Gfi1,16,0
Gfi1,21,0
Gfi1,26,0
Gins3,1,0
Gins3,6,0
Gins3,11,0
Gins3,16,0
Gins3,21,0
Gins3,26,0
Gins3,31,0
Glg1,1,0
Glg1,6,0
Glg1,11,0
Glg1,16,0
Glg1,21,0
Glg1,26,0
Glg1,31,0
Glg1,36,0
Glg1,41,0
Glg1,46,0
Glg1,51,0
Glg1,56,0
Glg1,61,0
Glg1,66,0
Glg1,71,0
Glg1,76,0
Glg1,81,0
Glg1,86,0
Gng5,1,0
Gng5,6,0
Gng5,11,0
Gng5,16,0
Gng5,21,0
Gng5,26,0
Gng5,31,0
Gng5,36,0
Gng5,41,0
Gng5,46,0
Gng5,51,0
Gng5,56,0
Gng5,61,0
Gng5,66,0
Gng5,71,0
Golga3,1,0
Golga3,6,0
Golga3,11,0
Golga3,16,0
Golga3,21,0
Golga3,26,0
Golga3,31,0
Golga3,36,0
Golga3,41,0
Golga3,46,0
Golga3,51,0
Golga3,56,0
Golga3,61,0
Golga3,66,0
Golga3,71,0
Golga3,76,0.02
Golga3,81,0.04
Golga3,86,0.18
Golga3,91,0.29
Golga3,96,0.4
Golga3,101,0.58
Golga3,106,0.71
Golga3,111,0.77
Golga3,116,0.84
Golga3,121,0.97
Golga3,126,0.96
Golga3,131,1
Gpatch8,1,0
Gpatch8,6,0
Gpatch8,11,0
Gpatch8,16,0.02
Gpatch8,21,0.04
Gpatch8,26,0.06
Gpatch8,31,0.12
Gpatch8,36,0.21
Gpatch8,41,0.3
Gpatch8,46,0.35
Gpatch8,51,0.35
Gpatch8,56,0.65
Gpatch8,61,0.67
Gpatch8,66,0.77
Gpatch8,71,0.84
Gpatch8,76,0.88
Gpatch8,81,0.87
Gpatch8,86,0.96
Gpatch8,91,0.98
Gpatch8,96,0.99
Gpatch8,101,1
Gpatch8,106,1
Gpatch8,111,1
Gpatch8,116,1
Gpatch8,121,1
Gpatch8,126,1
Gpatch8,131,1
Gpatch8,136,1
Gpatch8,141,1
Gpatch8,146,1
Gpatch8,151,1
Gpatch8,156,1
Gpatch8,161,1
Gpatch8,166,1
Gpatch8,171,1
Gpatch8,176,1
Gpatch8,181,1
Gpatch8,186,1
Gpatch8,191,1
Gpatch8,196,1
Gpatch8,201,1
Gpatch8,206,1
Gpatch8,211,1
Gpatch8,216,1
Gpatch8,221,1
Gpatch8,226,1
Gpatch8,231,1
Gpatch8,236,1
Gpatch8,241,1
Gpatch8,246,1
Gpatch8,251,1
Gpatch8,256,1
Gpatch8,261,1
Grb2,1,0
Grb2,6,0
Grb2,11,0
Grb2,16,0
Grb2,21,0
Grb2,26,0
Grb2,31,0
Grb2,36,0.07
Grb2,41,0.07
Grb2,46,0.26
Grb2,51,0.39
Grb2,56,0.57
Grb2,61,0.73
Grb2,66,0.91
Grb2,71,0.89
Grb2,76,0.97
Grb2,81,1
Grb2,86,1
Grb2,91,1
Grb2,96,1
Grb2,101,1
Grb2,106,1
Grb2,111,1
Grb2,116,1
Grb2,121,1
Grhpr,1,0
Grhpr,6,0
Grhpr,11,0
Grhpr,16,0
Grhpr,21,0
Grhpr,26,0
Grhpr,31,0
Grhpr,36,0
Grhpr,41,0
Grhpr,46,0
Grhpr,51,0.01
Grhpr,56,0
Grhpr,61,0.02
Grhpr,66,0
Grhpr,71,0.05
Grhpr,76,0.17
Grhpr,81,0.18
Grhpr,86,0.28
Grhpr,91,0.5
Grhpr,96,0.72
Grhpr,101,0.68
Grhpr,106,0.84
Grhpr,111,0.94
Grhpr,116,0.95
Grhpr,121,0.99
Grhpr,126,0.99
Grhpr,131,1
Grhpr,136,1
Grhpr,141,1
Grhpr,146,1
Grhpr,151,1
Grhpr,156,1
Grin2c,1,0
Grin2c,6,0
Grin2c,11,0
Grin2c,16,0
Grin2c,21,0
Grin2c,26,0
Grin2c,31,0
Grin2c,36,0
Grin2c,41,0
Grin2c,46,0
Grin2c,51,0
Grin2c,56,0
Grin2c,61,0
Grin2c,66,0
Grin2c,71,0
Grin2c,76,0
Grin2c,81,0
Grin2c,86,0
Grin2c,91,0
Grin2c,96,0
Grin2c,101,0
Grin2c,106,0
Grin2c,111,0
Grin2c,116,0
Grin2c,121,0
Grin2c,126,0
Grin2c,131,0
Grin2c,136,0
Grin2c,141,0
Grin2c,146,0
Grin2c,151,0
Grin2c,156,0
Grin2c,161,0
Grm1,1,0
Grm1,6,0
Grm1,11,0
Grm1,16,0
Grm1,21,0
Grm1,26,0
Grm1,31,0
Grm1,36,0
Grm1,41,0
Grm1,46,0
Grm1,51,0.01
Grm1,56,0
Grm1,61,0
Grm1,66,0.06
Grm1,71,0.08
Grm1,76,0.03
Grm1,81,0.19
Grm1,86,0.29
Grm1,91,0.39
Grm1,96,0.6
Grm1,101,0.65
Grm1,106,0.81
Grm1,111,0.9
Grm1,116,0.95
Grm1,121,1
Grm1,126,1
Grm1,131,1
Grm1,136,1
Grm1,141,1
Grm1,146,1
Grm1,151,1
Grm1,156,1
Grm1,161,1
Grm1,166,1
Gtf3c3,1,0
Gtf3c3,6,0
Gtf3c3,11,0
Gtf3c3,16,0
Hat1,1,0
Hat1,6,0
Hat1,11,0
Hat1,16,0
Hat1,21,0
Hat1,26,0
Hat1,31,0
Hat1,36,0
Hat1,41,0
Hat1,46,0
Hat1,51,0.05
Hat1,56,0.08
Hat1,61,0.2
Hat1,66,0.37
Hat1,71,0.47
Hat1,76,0.53
Hat1,81,0.7
Hat1,86,0.77
Hat1,91,0.91
Hat1,96,0.92
Hat1,101,1
Hat1,106,0.99
Hat1,111,1
Hat1,116,1
Hat1,121,1
Hat1,126,1
Hat1,131,1
Hat1,136,1
Hat1,141,1
Hat1,146,1
Hat1,151,1
Hat1,156,1
Hat1,161,1
Hat1,166,1
Hat1,171,1
Hat1,176,1
Hat1,181,1
Hat1,186,1
Hdlbp,1,0
Hdlbp,6,0
Hdlbp,11,0
Hdlbp,16,0
Hdlbp,21,0
Hdlbp,26,0
Hdlbp,31,0
Hdlbp,36,0
Hdlbp,41,0
Hdlbp,46,0
Hdlbp,51,0
Hdlbp,56,0
Hdlbp,61,0
Hdlbp,66,0
Hdlbp,71,0
Hdlbp,76,0
Hdlbp,81,0
Hdlbp,86,0
Hdlbp,91,0
Hdlbp,96,0
Hdlbp,101,0
Hdlbp,106,0
Hdlbp,111,0
Hdlbp,116,0
Hdlbp,121,0
Hdlbp,126,0
Hectd1,1,0
Hectd1,6,0
Hectd1,11,0
Hectd1,16,0
Hectd1,21,0
Hectd1,26,0
Hectd1,31,0
Hectd1,36,0
Hectd1,41,0
Hectd1,46,0
Hectd1,51,0.02
Hectd1,56,0.02
Hectd1,61,0.06
Hectd1,66,0.14
Hectd1,71,0.26
Hectd1,76,0.4
Hectd1,81,0.57
Hectd1,86,0.75
Hectd1,91,0.83
Hectd1,96,0.92
Hectd1,101,0.99
Hectd1,106,0.99
Hectd1,111,1
Hectd1,116,1
Hectd1,121,1
Hectd4,1,0
Hectd4,6,0
Hectd4,11,0
Hectd4,16,0
Hectd4,21,0
Hectd4,26,0
Hectd4,31,0
Hectd4,36,0
Hectd4,41,0
Hectd4,46,0
Hectd4,51,0.01
Hectd4,56,0.07
Hectd4,61,0.31
Hectd4,66,0.65
Hectd4,71,0.89
Hhip,1,0
Hhip,6,0
Hhip,11,0
Hhip,16,0
Hhip,21,0
Hhip,26,0
Hhip,31,0
Hhip,36,0
Hhip,41,0
Hhip,46,0
Hhip,51,0
Hhip,56,0
Hhip,61,0
Hhip,66,0
Hhip,71,0
Hhip,76,0
Hhip,81,0
Hhip,86,0
Hhip,91,0
Hhip,96,0
Hhip,101,0
Hhip,106,0
Hhip,111,0
Hhip,116,0
Hhip,121,0
Hnf1a,1,0
Hnf1a,6,0
Hnf1a,11,0
Hnf1a,16,0
Hnf1a,21,0
Hnf1a,26,0
Hnf1a,31,0
Hnf1a,36,0
Hnf1a,41,0
Hnf1a,46,0
Hnf1a,51,0.01
Hnf1a,56,0.03
Hnf1a,61,0.12
Hnf1a,66,0.31
Hnf1a,71,0.42
Hnf1a,76,0.71
Hnf1a,81,0.82
Hnf1a,86,0.95
Hnf1a,91,0.99
Hnf1a,96,1
Hnf1a,101,1
Hnf1a,106,1
Hnf4a,1,0
Hnf4a,6,0
Hnf4a,11,0
Hnf4a,16,0
Hnf4a,21,0
Hnf4a,26,0
Hnf4a,31,0
Hnf4a,36,0
Hnf4a,41,0
Hnf4a,46,0
Hnf4a,51,0
Hnf4a,56,0
Hnf4a,61,0
Hnf4a,66,0
Hnf4a,71,0.03
Hnf4a,76,0.01
Hnf4a,81,0.07
Hnf4a,86,0.13
Hnf4a,91,0.31
Hnf4a,96,0.47
Hnf4a,101,0.62
Hnf4a,106,0.78
Hnf4a,111,0.87
Hnf4a,116,0.96
Hnf4a,121,0.98
Hnf4a,126,1
Hnf4a,131,1
Hnrnpm,1,0
Hnrnpm,6,0
Hnrnpm,11,0
Hnrnpm,16,0
Hnrnpm,21,0
Hnrnpm,26,0
Hnrnpm,31,0
Hnrnpm,36,0
Hnrnpm,41,0
Hnrnpm,46,0
Hnrnpm,51,0
Hnrnpm,56,0
Hnrnpm,61,0
Hnrnpm,66,0
Hps1,1,0
Hps1,6,0
Hps1,11,0
Hps1,16,0
Hps1,21,0
Hps1,26,0
Hps1,31,0
Hps1,36,0
Hps1,41,0.01
Hps1,46,0.05
Hps1,51,0.09
Hps1,56,0.17
Hps1,61,0.29
Hps1,66,0.4
Hps1,71,0.6
Hps1,76,0.81
Hps1,81,0.88
Hps1,86,0.95
Hps1,91,0.96
Hps1,96,1
Hps1,101,0.99
Hps1,106,1
Hps1,111,1
Hps1,116,1
Hps1,121,1
Hps1,126,1
Hps1,131,1
Hps1,136,1
Hps1,141,1
Hyou1,1,0
Hyou1,6,0.04
Hyou1,11,0.29
Hyou1,16,0.73
Hyou1,21,0.98
Hyou1,26,1
Hyou1,31,1
Ide,1,0
Ide,6,0
Ide,11,0
Ide,16,0
Ide,21,0
Ide,26,0
Ide,31,0
Ide,36,0
Ide,41,0
Ide,46,0.02
Ide,51,0.05
Ide,56,0.08
Ide,61,0.14
Ide,66,0.39
Ide,71,0.59
Ide,76,0.7
Ide,81,0.72
Ide,86,0.83
Ide,91,0.85
Ide,96,0.93
Ide,101,0.98
Ide,106,1
Igf2r,1,0
Igf2r,6,0
Igf2r,11,0
Igf2r,16,0
Igf2r,21,0
Igf2r,26,0
Igf2r,31,0
Igf2r,36,0
Igf2r,41,0
Igf2r,46,0
Igf2r,51,0
Igf2r,56,0
Igf2r,61,0.01
Igf2r,66,0
Igf2r,71,0.03
Igf2r,76,0.07
Igf2r,81,0.13
Igf2r,86,0.25
Igf2r,91,0.32
Igf2r,96,0.52
Igf2r,101,0.62
Igf2r,106,0.76
Igf2r,111,0.88
Igf2r,116,0.86
Igf2r,121,0.96
Igf2r,126,0.98
Igf2r,131,1
Igf2r,136,1
Igf2r,141,1
Igf2r,146,1
Igf2r,151,1
Ilk,1,0
Ilk,6,0
Ilk,11,0
Ilk,16,0
Ilk,21,0
Ilk,26,0
Ilk,31,0
Ilk,36,0
Ilk,41,0
Ilk,46,0
Ilk,51,0.06
Ilk,56,0.18
Ilk,61,0.23
Ilk,66,0.36
Ilk,71,0.59
Ilk,76,0.63
Ilk,81,0.75
Ilk,86,0.9
Ilk,91,0.91
Ilk,96,0.97
Inpp4a,1,0
Inpp4a,6,0
Inpp4a,11,0.02
Inpp4a,16,0.02
Inpp4a,21,0.06
Inpp4a,26,0.17
Inpp4a,31,0.27
Inpp4a,36,0.58
Inpp4a,41,0.77
Inpp4a,46,0.9
Inpp4a,51,0.91
Inpp4a,56,0.96
Inpp4a,61,1
Inpp4a,66,1
Inpp4a,71,1
Inpp4a,76,1
Inpp4a,81,1
Inpp4a,86,1
Inpp4a,91,1
Inpp5e,1,0
Inpp5e,6,0
Inpp5e,11,0
Inpp5e,16,0
Inpp5e,21,0
Inpp5e,26,0
Inpp5e,31,0
Inpp5e,36,0.02
Inpp5e,41,0.02
Inpp5e,46,0.07
Inpp5e,51,0.24
Inpp5e,56,0.26
Inpp5e,61,0.45
Inpp5e,66,0.59
Inpp5e,71,0.77
Inpp5e,76,0.79
Inpp5e,81,0.92
Inpp5e,86,0.95
Inpp5e,91,0.99
Inpp5e,96,1
Inpp5e,101,1
Insm1,1,0
Insm1,6,0
Insm1,11,0
Insm1,16,0
Insm1,21,0
Insm1,26,0
Insm1,31,0.03
Insm1,36,0.63
Ints1,1,0
Ints1,6,0
Ints1,11,0
Ipo11,1,0
Ipo11,6,0
Ipo11,11,0
Ipo11,16,0
Ipo11,21,0
Ipo9,1,0
Ipo9,6,0
Ipo9,11,0
Ipo9,16,0
Ipo9,21,0.05
Ipo9,26,0.14
Ipo9,31,0.36
Ipo9,36,0.66
Ipo9,41,0.88
Ipo9,46,0.96
Ipo9,51,1
Ipo9,56,1
Iqgap1,1,0
Iqgap1,6,0
Iqgap1,11,0
Iqgap1,16,0
Iqgap1,21,0
Iqgap1,26,0
Iqgap1,31,0
Iqgap1,36,0.01
Iqgap1,41,0
Iqgap1,46,0.01
Iqgap1,51,0.01
Iqgap1,56,0.05
Iqgap1,61,0.16
Iqgap1,66,0.15
Iqgap1,71,0.25
Iqgap1,76,0.43
Iqgap1,81,0.5
Iqgap1,86,0.56
Iqgap1,91,0.78
Iqgap1,96,0.8
Iqgap1,101,0.9
Iqgap1,106,0.98
Iqgap1,111,1
Iqgap1,116,1
Iqgap1,121,0.98
Iqgap1,126,1
Itsn1,1,0
Itsn1,6,0
Itsn1,11,0
Itsn1,16,0
Itsn1,21,0
Itsn1,26,0
Itsn1,31,0
Itsn1,36,0
Itsn1,41,0
Itsn1,46,0
Itsn1,51,0
Itsn1,56,0
Itsn1,61,0
Itsn1,66,0.01
Itsn1,71,0.03
Itsn1,76,0.18
Itsn1,81,0.3
Itsn1,86,0.57
Itsn1,91,0.88
Itsn1,96,0.97
Jcad,1,0
Jcad,6,0
Jcad,11,0
Jcad,16,0
Jcad,21,0
Jcad,26,0
Jcad,31,0
Jcad,36,0
Jcad,41,0
Jcad,46,0
Jcad,51,0
Jcad,56,0
Jcad,61,0
Jcad,66,0
Jcad,71,0
Jcad,76,0
Jcad,81,0
Jcad,86,0
Jcad,91,0
Jcad,96,0.03
Jcad,101,0.08
Jcad,106,0.13
Jcad,111,0.36
Jcad,116,0.6
Jcad,121,0.89
Jcad,126,0.97
Jcad,131,1
Katnb1,1,0
Katnb1,6,0
Katnb1,11,0
Katnb1,16,0
Katnb1,21,0
Katnb1,26,0
Katnb1,31,0
Katnb1,36,0
Katnb1,41,0
Katnb1,46,0
Katnb1,51,0
Katnb1,56,0
Katnb1,61,0
Katnb1,66,0
Katnb1,71,0
Katnb1,76,0
Katnb1,81,0
Katnb1,86,0
Katnb1,91,0
Katnb1,96,0
Katnb1,101,0
Kctd10,1,0
Kctd10,6,0
Kctd10,11,0
Kctd10,16,0
Kctd10,21,0
Kdm5a,1,0
Kdm5a,6,0
Kdm5a,11,0
Kdm5a,16,0
Kdm5a,21,0
Kdm5a,26,0
Kdm5a,31,0
Kdm5a,36,0.04
Kdm5a,41,0.13
Kdm5a,46,0.15
Kdm5a,51,0.29
Kdm5a,56,0.58
Kdm5a,61,0.67
Kdm5a,66,0.86
Kdm5a,71,0.94
Kdm5a,76,0.97
Kdm5a,81,1
Kdm5a,86,1
Kdm5a,91,1
Kdm5a,96,1
Kdm6a,1,0
Kdm6a,6,0
Kdm6a,11,0
Kdm6a,16,0
Kdm6a,21,0
Kdm6a,26,0
Kdm6a,31,0
Kdm6a,36,0
Kdm6a,41,0
Kdm6a,46,0
Kdm6a,51,0
Khdrbs1,1,0
Khdrbs1,6,0
Khdrbs1,11,0
Khdrbs1,16,0
Khdrbs1,21,0.02
Khdrbs1,26,0
Khdrbs1,31,0.01
Khdrbs1,36,0.04
Khdrbs1,41,0.04
Khdrbs1,46,0.09
Khdrbs1,51,0.12
Khdrbs1,56,0.26
Khdrbs1,61,0.3
Khdrbs1,66,0.29
Khdrbs1,71,0.42
Khdrbs1,76,0.45
Khdrbs1,81,0.62
Khdrbs1,86,0.71
Khdrbs1,91,0.72
Khdrbs1,96,0.81
Khdrbs1,101,0.81
Khdrbs1,106,0.89
Khdrbs1,111,0.94
Khdrbs1,116,0.98
Khdrbs1,121,1
Khdrbs1,126,1
Khdrbs1,131,1
Khdrbs1,136,1
Khdrbs1,141,1
Khdrbs1,146,1
Khdrbs1,151,1
Khdrbs1,156,1
Khdrbs1,161,1
Khdrbs1,166,1
Khdrbs1,171,1
Khdrbs1,176,1
Khdrbs1,181,1
Khdrbs1,186,1
Kidins220,1,0
Kidins220,6,0
Kidins220,11,0
Kidins220,16,0
Kidins220,21,0
Kidins220,26,0
Kidins220,31,0
Kidins220,36,0
Kidins220,41,0
Kidins220,46,0.01
Kidins220,51,0.02
Kidins220,56,0.04
Kidins220,61,0.05
Kidins220,66,0.15
Kidins220,71,0.36
Kidins220,76,0.55
Kidins220,81,0.81
Kidins220,86,0.96
Kidins220,91,0.97
Kidins220,96,0.99
Kidins220,101,1
Kidins220,106,1
Kidins220,111,1
Kif18a,1,0
Kif18a,6,0
Kif18a,11,0
Kif18a,16,0
Kif18a,21,0.04
Kif18a,26,0.15
Kif18a,31,0.21
Kif18a,36,0.4
Kif18a,41,0.61
Kif18a,46,0.68
Kif18a,51,0.78
Kif18a,56,0.92
Kif18a,61,0.97
Kif18a,66,1
Kif18a,71,1
Kif18a,76,1
Kif5b,1,0
Kif5b,6,0
Kif5b,11,0
Kif5b,16,0
Kif5b,21,0
Kif5b,26,0
Kif5b,31,0
Kif5b,36,0
Kif5b,41,0
Kif5b,46,0
Kif5b,51,0.03
Kif5b,56,0.02
Kif5b,61,0.1
Kif5b,66,0.12
Kif5b,71,0.22
Kif5b,76,0.31
Kif5b,81,0.39
Kif5b,86,0.55
Kif5b,91,0.64
Kif5b,96,0.77
Kif5b,101,0.78
Kif5b,106,0.94
Kif5b,111,0.96
Kif5b,116,0.97
Kif5b,121,1
Kif5b,126,1
Kif5b,131,1
Kif5b,136,1
Kif5b,141,1
Kif5b,146,1
Kif5b,151,1
Kif5b,156,1
Kif5b,161,1
Kif5b,166,1
Kif5b,171,1
Kif5b,176,1
Kif5b,181,1
Kif5b,186,1
Kif5b,191,1
Kif5b,196,1
Kif5b,201,1
Klf6,1,0
Klf6,6,0
Klf6,11,0
Klf6,16,0
Klf6,21,0
Klf6,26,0
Klf6,31,0
Klf6,36,0
Klf6,41,0
Klf6,46,0
Klf6,51,0
Klf6,56,0
Klf6,61,0
Klf6,66,0
Klf6,71,0
Klf6,76,0
Klf6,81,0.02
Klf6,86,0.06
Klf6,91,0.13
Klf6,96,0.32
Klf6,101,0.46
Klf6,106,0.69
Klf6,111,0.76
Klf6,116,0.93
Klf6,121,0.96
Klf6,126,0.99
Klf6,131,1
Klf6,136,1
Kmt2a,1,0
Kmt2a,6,0
Kmt2a,11,0
Kmt2a,16,0
Kmt2d,1,0
Kmt2d,6,0
Kmt2d,11,0
Kmt2d,16,0
Kmt2d,21,0
Kmt2d,26,0
Kmt2d,31,0
Kmt2d,36,0
Kmt2d,41,0
Kmt5b,1,0
Kmt5b,6,0
Kmt5b,11,0
Kmt5b,16,0
Kmt5b,21,0
Kmt5b,26,0
Kmt5b,31,0
Kmt5b,36,0
Kmt5b,41,0
Kmt5b,46,0
Kmt5b,51,0
Kmt5b,56,0
Kmt5b,61,0.06
Kmt5b,66,0.08
Kmt5b,71,0.18
Kmt5b,76,0.4
Kmt5b,81,0.53
Kmt5b,86,0.72
Kmt5b,91,0.78
Kmt5b,96,0.88
Kmt5b,101,0.98
Kmt5b,106,0.97
Kmt5b,111,1
Kmt5b,116,1
Kmt5b,121,1
Kmt5b,126,1
Kmt5b,131,1
Kntc1,1,0
Kntc1,6,0
Kntc1,11,0
Kntc1,16,0
Kntc1,21,0
Kntc1,26,0
Kntc1,31,0
Kntc1,36,0
Kntc1,41,0
Kntc1,46,0
Kntc1,51,0
Kntc1,56,0
Kntc1,61,0
Kras,1,0
Kras,6,0
Kras,11,0
Kras,16,0
Kras,21,0
Kras,26,0
Kras,31,0
Kras,36,0
Kras,41,0
Kras,46,0
Kras,51,0
Kras,56,0
Kras,61,0
Kras,66,0
Kras,71,0
Kras,76,0
Kras,81,0
Kras,86,0
Kras,91,0
Kras,96,0
Kras,101,0
Kras,106,0
Kras,111,0.02
Kras,116,0.18
Kras,121,0.7
Kras,126,1
Krtap1-3,1,0
Krtap1-3,6,0
Krtap1-3,11,0
Krtap1-3,16,0
Krtap1-3,21,0
Krtap1-3,26,0
Krtap1-3,31,0
Krtap1-3,36,0
Krtap1-3,41,0
Krtap1-3,46,0
Krtap1-3,51,0
Krtap1-3,56,0
Krtap1-3,61,0
Krtap1-3,66,0
Krtap1-3,71,0
Krtap1-3,76,0
Krtap1-3,81,0
Krtap1-3,86,0
Krtap1-3,91,0
Krtap1-3,96,0
Krtap1-3,101,0
Lamb1,1,0
Lamb1,6,0
Lamb1,11,0
Lamb1,16,0
Lamb1,21,0
Lamb1,26,0
Lamb1,31,0
Lamb1,36,0
Lamb1,41,0
Lamb1,46,0
Lamb1,51,0
Lamb1,56,0
Lamb1,61,0
Lamb1,66,0
Lamb1,71,0
Lamb1,76,0
Lamb1,81,0
Lamb1,86,0
Lamb1,91,0.03
Lamb1,96,0.08
Lamb1,101,0.18
Lamb1,106,0.27
Lamb1,111,0.48
Lamb1,116,0.57
Lamb1,121,0.81
Lamb1,126,0.95
Lamb1,131,0.95
Lamb1,136,1
Lamb1,141,1
Lamb1,146,1
Lamb2,1,0
Lamb2,6,0
Lamb2,11,0
Lamb2,16,0
Lamb2,21,0
Lamb2,26,0
Lamb2,31,0
Lamb2,36,0.01
Lamb2,41,0.1
Lamb2,46,0.09
Lamb2,51,0.14
Lamb2,56,0.17
Lamb2,61,0.31
Lamb2,66,0.41
Lamb2,71,0.47
Lamb2,76,0.56
Lamb2,81,0.73
Lamb2,86,0.77
Lamb2,91,0.79
Lamb2,96,0.86
Lamb2,101,0.87
Lamb2,106,0.95
Lamb2,111,0.98
Lamb2,116,1
Lamb2,121,1
Lamb2,126,1
Lamb2,131,1
Lamb2,136,1
Lamc1,1,0
Lamc1,6,0
Lamc1,11,0
Lamc1,16,0
Lamc1,21,0
Lamc1,26,0
Lamc1,31,0
Lamc1,36,0
Lamc1,41,0.04
Lamc1,46,0.12
Lamc1,51,0.29
Lamc1,56,0.46
Lamc1,61,0.6
Lamc1,66,0.86
Lamc1,71,0.95
Lamc1,76,1
Lamc1,81,1
Lamc1,86,1
Lamc1,91,1
Lamc1,96,1
Lamc1,101,1
Laptm5,1,0
Laptm5,6,0
Laptm5,11,0
Laptm5,16,0
Laptm5,21,0
Laptm5,26,0
Laptm5,31,0
Laptm5,36,0
Laptm5,41,0
Laptm5,46,0
Laptm5,51,0
Laptm5,56,0
Laptm5,61,0
Laptm5,66,0.02
Laptm5,71,0.01
Laptm5,76,0.02
Laptm5,81,0.05
Laptm5,86,0.18
Laptm5,91,0.2
Laptm5,96,0.28
Laptm5,101,0.39
Laptm5,106,0.47
Laptm5,111,0.61
Laptm5,116,0.77
Laptm5,121,0.82
Laptm5,126,0.94
Laptm5,131,0.91
Laptm5,136,0.98
Laptm5,141,0.99
Laptm5,146,1
Laptm5,151,1
Laptm5,156,1
Lats1,1,0
Lats1,6,0
Lats1,11,0
Lats1,16,0
Lats1,21,0
Lats1,26,0
Lats1,31,0
Lats1,36,0
Lats1,41,0
Lats1,46,0
Lats1,51,0
Lats1,56,0
Lats1,61,0
Lats1,66,0
Lats1,71,0
Lats1,76,0
Lats1,81,0
Lats1,86,0
Lats1,91,0.01
Lats1,96,0.07
Lats1,101,0.21
Lats1,106,0.58
Lats1,111,0.78
Lats1,116,0.95
Lmna,1,0
Lmna,6,0
Lmna,11,0
Lmna,16,0
Lmna,21,0
Lmna,26,0
Lmna,31,0
Lmna,36,0
Lmna,41,0
Lmna,46,0
Lmna,51,0
Lmna,56,0.03
Lmna,61,0.13
Lmna,66,0.3
Lmna,71,0.59
Lmna,76,0.89
Lmna,81,1
Lmnb2,1,0
Lmnb2,6,0
Lmnb2,11,0
Lmnb2,16,0
Lmnb2,21,0
Lmnb2,26,0
Lmnb2,31,0
Lmnb2,36,0
Lmnb2,41,0
Lmnb2,46,0.07
Lmnb2,51,0.26
Lmnb2,56,0.51
Lmnb2,61,0.82
Lmo7,1,0
Lmo7,6,0
Lmo7,11,0
Lmo7,16,0
Lmo7,21,0
Lmo7,26,0
Lmo7,31,0
Lmo7,36,0
Lmo7,41,0
Lmo7,46,0
Lmo7,51,0
Lmo7,56,0
Lmo7,61,0
Lmo7,66,0
Lmo7,71,0
Lmo7,76,0
Lmo7,81,0
Lmo7,86,0
Lmo7,91,0
Lmo7,96,0
Lmo7,101,0
Lmo7,106,0
Lmo7,111,0
Lmo7,116,0.1
Lmo7,121,0.36
Lmo7,126,1
Lonp1,1,0
Lrp5,1,0
Lrp5,6,0
Lrp5,11,0
Lrp5,16,0
Lrp5,21,0
Lrp5,26,0
Lrp5,31,0
Lrp5,36,0
Lrp5,41,0
Lrp5,46,0
Lrp5,51,0
Lrp5,56,0
Lrp5,61,0
Lrp5,66,0
Lrp5,71,0
Lrp5,76,0
Lrp5,81,0
Lrp5,86,0
Lrp5,91,0
Lrp5,96,0
Lrp5,101,0
Lrp5,106,0
Lrp5,111,0
Lrp5,116,0
Lrp5,121,0
Lrp5,126,0
Lrp5,131,0
Lrp5,136,0
Lrp6,1,0
Lrp6,6,0
Lrp6,11,0
Lrp6,16,0
Lrp6,21,0
Lrp6,26,0
Lrp6,31,0
Lrp6,36,0
Lrp6,41,0
Lrp6,46,0
Lrp6,51,0
Lrp6,56,0
Lrp6,61,0
Lrp6,66,0
Lrp6,71,0
Lrp6,76,0
Lrp6,81,0
Lrp6,86,0
Lrp6,91,0
Lrp6,96,0.01
Lrp6,101,0.01
Lrp6,106,0.06
Lrp6,111,0.19
Lrp6,116,0.45
Lrp6,121,0.67
Lrp6,126,0.92
Lrp6,131,0.96
Lrp6,136,1
Lrrc4c,1,0
Lrrc4c,6,0
Lrrc4c,11,0
Lrrc4c,16,0
Lrrc4c,21,0
Lrrc4c,26,0
Lrrc4c,31,0
Lrrc4c,36,0
Lrrc4c,41,0
Lrrc4c,46,0
Lrrc4c,51,0
Lrrc4c,56,0
Lrrc4c,61,0
Lrrc4c,66,0
Lrrc4c,71,0
Lrrc4c,76,0
Lrrc4c,81,0
Lrrc4c,86,0
Lrrc4c,91,0
Lrrc4c,96,0
Lrrc4c,101,0
Lrrc4c,106,0
Lrrc4c,111,0
Lsg1,1,0
Lsg1,6,0
Lsg1,11,0.38
Ltv1,1,0
Ltv1,6,0
Macf1,1,0
Macf1,6,0
Macf1,11,0
Macf1,16,0
Macf1,21,0
Macf1,26,0
Macf1,31,0
Macf1,36,0
Macf1,41,0
Macf1,46,0
Macf1,51,0
Macf1,56,0
Macf1,61,0
Macf1,66,0
Macf1,71,0
Macf1,76,0
Macf1,81,0
Macf1,86,0
Macf1,91,0
Macf1,96,0
Macf1,101,0
Macf1,106,0
Macf1,111,0
Macf1,116,0
Macf1,121,0
Macf1,126,0
Macf1,131,0
Macf1,136,0
Macf1,141,0
Maco1,1,0
Maco1,6,0
Maco1,11,0
Maco1,16,0
Maco1,21,0
Maco1,26,0
Maco1,31,0
Maco1,36,0
Maco1,41,0
Maco1,46,0
Maco1,51,0
Maco1,56,0
Maco1,61,0
Maco1,66,0
Maco1,71,0
Maco1,76,0
Madd,1,0
Madd,6,0
Madd,11,0
Madd,16,0
Madd,21,0
Madd,26,0.02
Madd,31,0.04
Madd,36,0.1
Madd,41,0.29
Madd,46,0.41
Madd,51,0.57
Madd,56,0.8
Madd,61,0.95
Madd,66,0.95
Madd,71,0.98
Madd,76,1
Madd,81,1
Madd,86,1
Madd,91,1
Madd,96,1
Madd,101,1
Magi3,1,0
Magi3,6,0
Magi3,11,0
Magi3,16,0
Magi3,21,0
Magi3,26,0
Magi3,31,0
Magi3,36,0
Magi3,41,0
Magi3,46,0
Magi3,51,0
Magi3,56,0
Magi3,61,0
Magi3,66,0.03
Magi3,71,0.06
Magi3,76,0.1
Magi3,81,0.25
Magi3,86,0.41
Magi3,91,0.62
Magi3,96,0.74
Magi3,101,0.93
Magi3,106,0.96
Magi3,111,1
Magi3,116,1
Magi3,121,1
Magi3,126,1
Magi3,131,1
Magi3,136,1
Magi3,141,1
Man2b2,1,0
Man2b2,6,0
Man2b2,11,0
Man2b2,16,0
Man2b2,21,0
Man2b2,26,0
Man2b2,31,0
Man2b2,36,0
Man2b2,41,0
Man2b2,46,0
Man2b2,51,0
Man2b2,56,0.01
Man2b2,61,0.03
Man2b2,66,0.07
Man2b2,71,0.07
Man2b2,76,0.08
Man2b2,81,0.17
Man2b2,86,0.27
Man2b2,91,0.38
Man2b2,96,0.46
Man2b2,101,0.5
Man2b2,106,0.52
Man2b2,111,0.68
Man2b2,116,0.77
Man2b2,121,0.84
Man2b2,126,0.89
Man2b2,131,0.96
Man2b2,136,0.98
Man2b2,141,0.98
Man2b2,146,1
Man2b2,151,1
Man2b2,156,1
Man2b2,161,1
Man2b2,166,1
Map1a,1,0
Map1a,6,0
Map1a,11,0
Map1a,16,0
Map1a,21,0
Map1a,26,0.01
Map1a,31,0
Map1a,36,0.02
Map1a,41,0.05
Map1a,46,0.19
Map1a,51,0.32
Map1a,56,0.53
Map1a,61,0.71
Map1a,66,0.82
Map1a,71,0.94
Map2,1,0
Map2,6,0
Map2,11,0
Map2,16,0
Map2,21,0
Map2,26,0
Map2,31,0
Map2,36,0.09
Map2,41,0.15
Map2,46,0.35
Map2,51,0.45
Map2,56,0.63
Map2,61,0.8
Map2,66,0.88
Map2,71,0.98
Map2,76,1
Map2,81,1
Map2,86,1
Map3k20,1,0
Map3k20,6,0
Map3k20,11,0
Map3k20,16,0
Map3k20,21,0
Map3k20,26,0
Map3k20,31,0
Map3k20,36,0
Map3k20,41,0
Map3k20,46,0
Map3k20,51,0
Map3k20,56,0
Map3k20,61,0
Map3k20,66,0
Map3k20,71,0
Map3k20,76,0
Map3k20,81,0
Map3k20,86,0
Map3k20,91,0
Map3k20,96,0
Map3k20,101,0
Map3k20,106,0
Map3k20,111,0
Map3k20,116,0
Map3k20,121,0
Map3k20,126,0
Map3k20,131,0
Map3k20,136,0
Map3k20,141,0
Map3k20,146,0
Mast2,1,0
Mast2,6,0
Mast2,11,0
Mast2,16,0
Mast2,21,0
Mast2,26,0
Mast2,31,0
Mast2,36,0
Mast2,41,0
Mast2,46,0
Mast2,51,0
Mast2,56,0
Mdh2,1,0
Mdh2,6,0
Mdh2,11,0
Mdh2,16,0
Mdh2,21,0
Mdh2,26,0
Mdh2,31,0
Mdh2,36,0
Mdh2,41,0
Mdh2,46,0
Mdh2,51,0
Mdh2,56,0
Mdh2,61,0
Mdh2,66,0
Mdh2,71,0
Mdh2,76,0
Mdh2,81,0
Mdn1,1,0
Mdn1,6,0
Med15,1,0
Med15,6,0
Med15,11,0
Med15,16,0
Med15,21,0
Med15,26,0
Med15,31,0
Med15,36,0
Med15,41,0
Med15,46,0
Med15,51,0
Med15,56,0
Med15,61,0
Med16,1,0
Med16,6,0
Med16,11,0
Med16,16,0
Med16,21,0
Med16,26,0
Med16,31,0
Med16,36,0
Med16,41,0
Med16,46,0
Med16,51,0
Met,1,0
Met,6,0
Met,11,0
Met,16,0
Met,21,0
Met,26,0
Met,31,0
Met,36,0
Met,41,0
Met,46,0
Met,51,0.02
Met,56,0.11
Met,61,0.24
Met,66,0.34
Met,71,0.53
Met,76,0.68
Met,81,0.78
Met,86,0.93
Met,91,0.95
Met,96,1
Met,101,1
Met,106,1
Met,111,1
Met,116,1
Met,121,1
Met,126,1
Met,131,1
Metap1,1,0
Metap1,6,0
Metap1,11,0
Metap1,16,0
Metap1,21,0
Metap1,26,0
Metap2,1,0
Metap2,6,0
Metap2,11,0
Metap2,16,0
Metap2,21,0
Mfhas1,1,0
Mfhas1,6,0.04
Mfhas1,11,0.05
Mfhas1,16,0.11
Mfhas1,21,0.08
Mfhas1,26,0.19
Mfhas1,31,0.16
Mfhas1,36,0.19
Mfhas1,41,0.34
Mfhas1,46,0.32
Mfhas1,51,0.3
Mfhas1,56,0.39
Mfhas1,61,0.31
Mfhas1,66,0.45
Mfhas1,71,0.5
Mfhas1,76,0.54
Mfhas1,81,0.51
Mfhas1,86,0.67
Mfhas1,91,0.72
Mfhas1,96,0.86
Mfhas1,101,0.93
Mfhas1,106,0.95
Mfhas1,111,0.98
Mfhas1,116,1
Mfhas1,121,1
Mfhas1,126,1
Mfhas1,131,1
Mfhas1,136,1
Mfhas1,141,1
Mfhas1,146,1
Mfhas1,151,1
Mfhas1,156,1
Mga,1,0
Mga,6,0.01
Mga,11,0.04
Mga,16,0.13
Mga,21,0.14
Mga,26,0.25
Mga,31,0.34
Mga,36,0.45
Mga,41,0.48
Mga,46,0.63
Mga,51,0.59
Mga,56,0.78
Mga,61,0.94
Mga,66,0.91
Mga,71,0.96
Mga,76,0.97
Mga,81,1
Mga,86,1
Mga,91,1
Mga,96,1
Mga,101,1
Mga,106,1
Mga,111,1
Mga,116,1
Mga,121,1
Mga,126,1
Mga,131,1
Mga,136,1
Mga,141,1
Mga,146,1
Mga,151,1
Mga,156,1
Mga,161,1
Mga,166,1
Mib1,1,0
Mib1,6,0
Mib1,11,0
Mib1,16,0.01
Mib1,21,0.05
Mib1,26,0.19
Mib1,31,0.39
Mib1,36,0.5
Mib1,41,0.77
Mib1,46,0.89
Mib1,51,0.93
Mib1,56,0.99
Mib1,61,1
Mib1,66,1
Mib1,71,1
Mib1,76,1
Mib1,81,1
Mib1,86,1
Mib1,91,1
Mib1,96,1
Mib1,101,1
Micall1,1,0
Micall1,6,0
Micall1,11,0
Micall1,16,0
Micall1,21,0
Micall1,26,0
Micall1,31,0
Micall1,36,0
Micall1,41,0
Micall1,46,0
Micall1,51,0
Micall1,56,0
Micall1,61,0
Micall1,66,0
Micall1,71,0
Micall1,76,0
Micall1,81,0
Micall1,86,0
Mid2,1,0
Mid2,6,0
Mid2,11,0
Mid2,16,0
Mid2,21,0
Mid2,26,0
Mid2,31,0
Mid2,36,0
Mid2,41,0
Mid2,46,0
Mid2,51,0
Mid2,56,0
Mid2,61,0
Mid2,66,0
Mid2,71,0
Mid2,76,0
Mid2,81,0
Mid2,86,0
Mid2,91,0
Mid2,96,0.01
Mid2,101,0.01
Mid2,106,0.03
Mid2,111,0.05
Mid2,116,0.04
Mid2,121,0.21
Mid2,126,0.17
Mid2,131,0.29
Mid2,136,0.35
Mid2,141,0.53
Mid2,146,0.61
Mid2,151,0.76
Mid2,156,0.84
Mid2,161,0.86
Mid2,166,0.94
Mid2,171,0.97
Mid2,176,1
Mid2,181,1
Mid2,186,1
Mid2,191,1
Mid2,196,1
Mid2,201,1
Mid2,206,1
Mid2,211,1
Mid2,216,1
Mms19,1,0
Mms19,6,0
Mrpl37,1,0
Mrpl37,6,0
Mrpl37,11,0
Mrpl37,16,0
Mrpl37,21,0
Mrpl37,26,0
Mrtfb,1,0
Mrtfb,6,0
Mrtfb,11,0
Mrtfb,16,0
Mrtfb,21,0
Mrtfb,26,0
Mrtfb,31,0
Mrtfb,36,0
Mrtfb,41,0
Mrtfb,46,0
Mrtfb,51,0
Mrtfb,56,0
Mrtfb,61,0
Mrtfb,66,0
Mrtfb,71,0
Mrtfb,76,0
Mrtfb,81,0
Mrtfb,86,0
Mrtfb,91,0
Mrtfb,96,0.01
Mrtfb,101,0
Mrtfb,106,0.01
Mrtfb,111,0.06
Mrtfb,116,0.14
Mrtfb,121,0.32
Mrtfb,126,0.68
Mrtfb,131,0.69
Mrtfb,136,0.88
Mrtfb,141,0.98
Mrtfb,146,0.99
Mtch2,1,0
Mtch2,6,0
Mtch2,11,0
Mtch2,16,0
Mtch2,21,0
Mtch2,26,0
Mtch2,31,0
Mtch2,36,0
Mtch2,41,0
Mtch2,46,0
Mtch2,51,0
Mtch2,56,0.02
Mtch2,61,0.04
Mtch2,66,0.07
Mtch2,71,0.11
Mtch2,76,0.39
Mtch2,81,0.44
Mtch2,86,0.54
Mtch2,91,0.76
Mtch2,96,0.83
Mtch2,101,0.9
Mtch2,106,0.91
Mtch2,111,0.97
Mthfr,1,0
Mthfr,6,0
Mthfr,11,0
Mthfr,16,0
Mthfr,21,0
Mthfr,26,0
Mthfr,31,0.05
Mthfr,36,0.12
Mthfr,41,0.34
Mthfr,46,0.66
Mthfr,51,0.82
Mthfr,56,0.98
Mthfr,61,0.99
Mthfr,66,1
Mthfr,71,1
Mthfr,76,1
Mtmr1,1,0
Mtmr1,6,0
Mtmr1,11,0
Mtmr1,16,0
Mtmr1,21,0
Mtmr1,26,0
Mtmr1,31,0
Mtmr1,36,0
Mtmr1,41,0
Mtmr1,46,0
Mtmr1,51,0
Mtmr1,56,0
Mtmr1,61,0
Mtmr1,66,0
Mtmr1,71,0
Mtmr1,76,0
Mtmr1,81,0
Mtmr1,86,0
Mtmr1,91,0
Mtmr1,96,0
Mtmr1,101,0
Mtmr1,106,0
Mtmr1,111,0
Mtmr1,116,0
Mtmr1,121,0
Mtmr1,126,0
Mtmr1,131,0
Mtmr1,136,0
Mtmr1,141,0
Mtmr1,146,0
Mtmr1,151,0
Mtmr1,156,0
Mtmr1,161,0
Mtmr1,166,0
Mtmr1,171,0
Mtmr1,176,0
Mtmr1,181,0
Mtmr1,186,0
Mtor,1,0
Myc,1,0
Myc,6,0
Myc,11,0
Myc,16,0
Myc,21,0
Myc,26,0
Myc,31,0
Myc,36,0.01
Myc,41,0.1
Myc,46,0.22
Myc,51,0.34
Myc,56,0.63
Myc,61,0.7
Myc,66,0.91
Myc,71,0.96
Myc,76,0.97
Myc,81,1
Myc,86,1
Myc,91,1
Myc,96,1
Myc,101,1
Myc,106,1
Myo10,1,0
Myo10,6,0
Myo10,11,0
Myo10,16,0
Myo10,21,0.01
Myo10,26,0
Myo10,31,0.01
Myo10,36,0.08
Myo10,41,0.07
Myo10,46,0.15
Myo10,51,0.25
Myo10,56,0.32
Myo10,61,0.46
Myo10,66,0.71
Myo10,71,0.8
Myo10,76,0.94
Myo10,81,0.99
Myo10,86,0.99
Myo5a,1,0
Myo5a,6,0
Myo5a,11,0
Myo5a,16,0
Myo5a,21,0
Myo5a,26,0
Myo5a,31,0
Myo5a,36,0.02
Myo5a,41,0.01
Myo5a,46,0.09
Myo5a,51,0.13
Myo5a,56,0.45
Myo5a,61,0.52
Myo5a,66,0.58
Myo5a,71,0.83
Myo5a,76,0.93
Myo5a,81,0.97
Myo5a,86,0.98
Myo5a,91,1
Myo7b,1,0
Myo7b,6,0
Myo7b,11,0
Myo7b,16,0
Myo7b,21,0
Myo7b,26,0
Myo7b,31,0
Myo7b,36,0
Myo7b,41,0.02
Myo7b,46,0.22
Myo7b,51,0.64
Myo7b,56,0.94
Myo7b,61,1
Nadk,1,0
Nadk,6,0
Nadk,11,0
Nadk,16,0
Nadk,21,0
Nadk,26,0
Nadk,31,0
Nadk,36,0
Nadk,41,0
Nae1,1,0
Nae1,6,0
Nae1,11,0
Napa,1,0
Napa,6,0
Napa,11,0
Napa,16,0
Nbn,1,0
Nbn,6,0
Nbn,11,0
Nbn,16,0
Nbn,21,0
Nbn,26,0
Nbn,31,0
Nbn,36,0
Nckap1,1,0
Nckap1,6,0
Nckap1,11,0
Nckap1,16,0
Nckap1,21,0
Nckap1,26,0
Ncor1,1,0
Ncor1,6,0
Ncor1,11,0
Ncor1,16,0
Ncor1,21,0
Ncor1,26,0
Ncor1,31,0.01
Ncor1,36,0.01
Ncor1,41,0.01
Ncor1,46,0.14
Ncor1,51,0.19
Ncor1,56,0.37
Ncor1,61,0.55
Ncor1,66,0.67
Ncor1,71,0.84
Ncor1,76,0.86
Ncor1,81,0.96
Ncor1,86,0.98
Ncor1,91,0.99
Ncor1,96,1
Ncor1,101,1
Ncor1,106,1
Ncor1,111,1
Ncor1,116,1
Ncor1,121,1
Ncor1,126,1
Ncor2,1,0
Ncor2,6,0
Ncor2,11,0
Ncor2,16,0
Ncor2,21,0
Ncor2,26,0
Ncor2,31,0
Ncor2,36,0
Ncor2,41,0
Ncor2,46,0.04
Ncor2,51,0.07
Ncor2,56,0.23
Ncor2,61,0.4
Ncor2,66,0.6
Ncor2,71,0.85
Ncor2,76,0.98
Ncor2,81,1
Ncor2,86,1
Neurod1,1,0
Neurod1,6,0
Neurod1,11,0
Neurod1,16,0
Neurod1,21,0.01
Neurod1,26,0.05
Neurod1,31,0.15
Neurod1,36,0.4
Neurod1,41,0.63
Neurod1,46,0.75
Neurod1,51,0.89
Neurod1,56,0.95
Neurod1,61,0.99
Neurod1,66,0.99
Neurod1,71,1
Neurod1,76,1
Neurod1,81,1
Neurod1,86,1
Neurod1,91,1
Neurod1,96,1
Neurod1,101,1
Neurod1,106,1
Neurod1,111,1
Neurod1,116,1
Nf1,1,0
Nf1,6,0
Nf1,11,0
Nf1,16,0
Nf1,21,0
Nf1,26,0
Nf1,31,0
Nf1,36,0
Nf1,41,0
Nf1,46,0
Nf1,51,0
Nf1,56,0
Nf1,61,0
Nf1,66,0
Nf1,71,0
Nf1,76,0
Nf1,81,0
Nf1,86,0
Nf1,91,0.1
Nf1,96,0.47
Nlrx1,1,0
Nlrx1,6,0
Nlrx1,11,0
Nlrx1,16,0
Nlrx1,21,0
Nlrx1,26,0
Nlrx1,31,0
Nlrx1,36,0
Nlrx1,41,0
Nlrx1,46,0
Nlrx1,51,0
Nlrx1,56,0
Nlrx1,61,0
Nlrx1,66,0
Nlrx1,71,0
Nlrx1,76,0
Nlrx1,81,0
Nlrx1,86,0
Nlrx1,91,0
Nlrx1,96,0
Nlrx1,101,0
Nlrx1,106,0
Nlrx1,111,0
Nlrx1,116,0
Nlrx1,121,0
Nlrx1,126,0
Nlrx1,131,0
Nlrx1,136,0
Nlrx1,141,0
Nlrx1,146,0
Nlrx1,151,0
Nlrx1,156,0
Nlrx1,161,0
Nlrx1,166,0
Nlrx1,171,0
Nlrx1,176,0
Nlrx1,181,0
Nol9,1,0
Nol9,6,0
Nol9,11,0
Nol9,16,0
Nol9,21,0
Nos3,1,0
Nos3,6,0
Nos3,11,0
Nos3,16,0
Nos3,21,0.01
Nos3,26,0.01
Nos3,31,0.04
Nos3,36,0.11
Nos3,41,0.21
Nos3,46,0.44
Nos3,51,0.57
Nos3,56,0.74
Nos3,61,0.8
Nos3,66,0.96
Nos3,71,0.98
Nos3,76,1
Nos3,81,1
Nos3,86,1
Nos3,91,1
Nos3,96,1
Notch1,1,0
Notch1,6,0
Notch1,11,0
Notch1,16,0
Notch1,21,0
Notch1,26,0
Notch1,31,0
Notch1,36,0
Notch1,41,0
Notch1,46,0
Notch1,51,0
Notch1,56,0
Notch1,61,0
Notch1,66,0
Notch1,71,0
Notch1,76,0
Notch1,81,0
Notch1,86,0
Notch1,91,0
Notch1,96,0
Notch1,101,0
Notch1,106,0
Notch1,111,0
Notch1,116,0
Notch1,121,0
Notch3,1,0
Notch3,6,0
Notch3,11,0
Notch3,16,0
Notch3,21,0.01
Notch3,26,0.07
Notch3,31,0.24
Notch3,36,0.46
Notch3,41,0.7
Notch3,46,0.89
Notch3,51,0.99
Notch3,56,0.99
Notch3,61,1
Notch3,66,1
Notch3,71,1
Notch3,76,1
Notch3,81,1
Notch3,86,1
Notch3,91,1
Notch3,96,1
Notch3,101,1
Nr2c2ap,1,0
Nr2c2ap,6,0
Nr2c2ap,11,0
Nr2c2ap,16,0
Nr2c2ap,21,0
Nr2c2ap,26,0.01
Nr2c2ap,31,0.02
Nr2c2ap,36,0.03
Nr2c2ap,41,0.21
Nr2c2ap,46,0.22
Nr2c2ap,51,0.4
Nr2c2ap,56,0.57
Nr2c2ap,61,0.54
Nr2c2ap,66,0.64
Nr2c2ap,71,0.68
Nr2c2ap,76,0.85
Nr2c2ap,81,0.93
Nr2c2ap,86,0.97
Nr2c2ap,91,0.99
Nr2c2ap,96,1
Nr2c2ap,101,1
Nr2c2ap,106,1
Nr2c2ap,111,1
Nr2c2ap,116,1
Nup133,1,0
Nup133,6,0
Nup133,11,0
Nup133,16,0
Nup98,1,0
Nup98,6,0
Nup98,11,0
Nup98,16,0
Nup98,21,0
Nup98,26,0
Nup98,31,0
Nup98,36,0
Nup98,41,0
Nup98,46,0
Nup98,51,0
Nup98,56,0
Ogg1,1,0
Ogg1,6,0
Ogg1,11,0
Ogg1,16,0
Ogg1,21,0
Ogg1,26,0
Ogg1,31,0
Ogg1,36,0
Ogg1,41,0
Ogg1,46,0
Ogg1,51,0
Ogg1,56,0
Ogg1,61,0
Ogg1,66,0
Ogg1,71,0
Ogg1,76,0
Ogg1,81,0
Ogg1,86,0.01
Ogg1,91,0.05
Ogg1,96,0.07
Ogg1,101,0.22
Ogg1,106,0.43
Ogg1,111,0.46
Ogg1,116,0.71
Ogg1,121,0.78
Ogg1,126,0.96
Ogg1,131,1
Orc1,1,0
Orc1,6,0
Orc1,11,0
Orc1,16,0
Orc1,21,0.03
Orc1,26,0.15
Orc1,31,0.31
Orc1,36,0.63
Orc1,41,0.84
Orc1,46,0.99
Orc6,1,0
Orc6,6,0
Orc6,11,0
Orc6,16,0
Osgin1,1,0
Osgin1,6,0
Osgin1,11,0
Osgin1,16,0
Osgin1,21,0
Osgin1,26,0
Osgin1,31,0
Osgin1,36,0
Osgin1,41,0
Osgin1,46,0
Osgin1,51,0.01
Osgin1,56,0
Osgin1,61,0.02
Osgin1,66,0.02
Osgin1,71,0.11
Osgin1,76,0.1
Osgin1,81,0.11
Osgin1,86,0.25
Osgin1,91,0.43
Osgin1,96,0.37
Osgin1,101,0.6
Osgin1,106,0.61
Osgin1,111,0.69
Osgin1,116,0.69
Osgin1,121,0.83
Osgin1,126,0.83
Osgin1,131,0.84
Osgin1,136,0.87
Osgin1,141,0.98
Osgin1,146,1
Pabpc6,1,0
Pabpc6,6,0
Pabpc6,11,0
Pabpc6,16,0
Pabpc6,21,0
Pabpc6,26,0
Pabpc6,31,0.01
Pabpc6,36,0.05
Pabpc6,41,0.06
Pabpc6,46,0.14
Pabpc6,51,0.23
Pabpc6,56,0.52
Pabpc6,61,0.65
Pabpc6,66,0.88
Pabpc6,71,0.92
Pabpc6,76,0.98
Pabpc6,81,1
Pabpc6,86,1
Pabpc6,91,1
Pabpc6,96,1
Pabpc6,101,1
Patz1,1,0
Patz1,6,0
Patz1,11,0
Patz1,16,0
Patz1,21,0
Patz1,26,0
Patz1,31,0
Patz1,36,0
Patz1,41,0
Patz1,46,0.08
Patz1,51,0.67
Pcbd2,1,0
Pcbd2,6,0
Pcbd2,11,0
Pcbd2,16,0
Pcbd2,21,0
Pcbd2,26,0.02
Pcbd2,31,0.06
Pcbd2,36,0.12
Pcbd2,41,0.19
Pcbd2,46,0.23
Pcbd2,51,0.37
Pcbd2,56,0.44
Pcbd2,61,0.55
Pcbd2,66,0.73
Pcbd2,71,0.82
Pcbd2,76,0.91
Pcbd2,81,0.98
Pcbd2,86,0.99
Pcbd2,91,1
Pcbd2,96,1
Pcdh1,1,0
Pcdh1,6,0
Pcdh1,11,0
Pcdh1,16,0
Pcdh1,21,0
Pcdh1,26,0
Pcdh1,31,0
Pcdh1,36,0
Pcdh1,41,0
Pcdh1,46,0
Pcdh1,51,0
Pcdh1,56,0
Pcdh1,61,0
Pcdh1,66,0
Pcdh1,71,0
Pcdh1,76,0
Pcnx3,1,0
Pcnx3,6,0
Pcnx3,11,0
Pcnx3,16,0
Pcnx3,21,0.01
Pcnx3,26,0
Pcnx3,31,0
Pcnx3,36,0.05
Pcnx3,41,0.22
Pcnx3,46,0.36
Pcnx3,51,0.64
Pcnx3,56,0.8
Pcnx3,61,0.93
Pcnx3,66,0.99
Pcnx3,71,1
Pcnx3,76,1
Pcyt1a,1,0
Pcyt1a,6,0
Pcyt1a,11,0
Pcyt1a,16,0
Pcyt1a,21,0
Pcyt1a,26,0
Pcyt1a,31,0.01
Pcyt1a,36,0.01
Pcyt1a,41,0.03
Pcyt1a,46,0.08
Pcyt1a,51,0.24
Pcyt1a,56,0.47
Pcyt1a,61,0.65
Pcyt1a,66,0.81
Pcyt1a,71,0.91
Pcyt1a,76,0.98
Pcyt1a,81,1
Pcyt1a,86,1
Pcyt1a,91,1
Pdcd6ip,1,0
Pdcd6ip,6,0
Pdcd6ip,11,0
Pdcd6ip,16,0
Pdcd6ip,21,0
Pdcd6ip,26,0
Pdcd6ip,31,0
Pdcd6ip,36,0
Pdcd6ip,41,0
Pdcd6ip,46,0
Pdcd6ip,51,0
Pdcd6ip,56,0
Pdcd6ip,61,0
Pdcd6ip,66,0
Pdcd6ip,71,0
Pdcd6ip,76,0
Pdcd6ip,81,0
Pgf,1,0
Pgf,6,0
Pgf,11,0
Pgf,16,0
Pgf,21,0
Pgf,26,0
Pgf,31,0
Pgf,36,0
Pgf,41,0
Pgf,46,0
Pgf,51,0.02
Pgf,56,0.15
Pgf,61,0.28
Pgf,66,0.61
Pgf,71,0.76
Pgf,76,0.93
Pgf,81,0.99
Pgk1,1,0
Pgk1,6,0
Pgk1,11,0
Pgk1,16,0
Pgk1,21,0
Pgk1,26,0
Pgk1,31,0
Pgk1,36,0
Pgm2l1,1,0
Pgm2l1,6,0
Pgm2l1,11,0
Pgm2l1,16,0
Pgm2l1,21,0
Pgm2l1,26,0
Pgm2l1,31,0
Pgm2l1,36,0
Pgm2l1,41,0
Pgm2l1,46,0
Pgm2l1,51,0
Pgm2l1,56,0
Pgm2l1,61,0
Phf2,1,0
Phf2,6,0
Phf2,11,0
Phf2,16,0
Phf2,21,0
Phf2,26,0
Phf2,31,0
Phf2,36,0
Phf2,41,0
Phf2,46,0
Phf2,51,0
Phf2,56,0
Phf2,61,0
Phf2,66,0
Phf2,71,0
Phf2,76,0
Phf2,81,0
Phf2,86,0
Phf2,91,0
Phf2,96,0
Phf2,101,0
Phf2,106,0
Phf2,111,0
Pi4ka,1,0
Pi4ka,6,0
Pi4ka,11,0
Pi4ka,16,0
Pi4ka,21,0
Pi4ka,26,0
Pi4ka,31,0
Piezo1,1,0
Piezo1,6,0
Piezo1,11,0
Piezo1,16,0
Piezo1,21,0
Piezo1,26,0
Piezo1,31,0
Piezo1,36,0
Piezo1,41,0
Piezo1,46,0
Piezo1,51,0
Piezo1,56,0
Piezo1,61,0
Piezo1,66,0
Piezo1,71,0
Piezo1,76,0
Piezo1,81,0.05
Piezo1,86,0.14
Piezo1,91,0.19
Piezo1,96,0.34
Piezo1,101,0.5
Piezo1,106,0.86
Piezo1,111,0.93
Piezo1,116,0.99
Piezo1,121,1
Piezo1,126,1
Pik3ca,1,0
Pik3ca,6,0
Pik3ca,11,0
Pik3ca,16,0
Pik3ca,21,0
Pik3ca,26,0
Pik3ca,31,0
Pik3ca,36,0
Pik3ca,41,0
Pik3ca,46,0.04
Pik3ca,51,0.08
Pik3ca,56,0.32
Pik3ca,61,0.85
Plec,1,0
Plec,6,0
Plec,11,0
Plec,16,0
Plec,21,0
Plec,26,0
Plec,31,0
Plec,36,0
Plec,41,0
Plec,46,0
Plec,51,0
Plec,56,0
Plec,61,0
Plec,66,0
Plec,71,0
Plec,76,0
Plec,81,0
Plec,86,0
Plec,91,0.01
Plec,96,0.01
Plec,101,0.02
Plec,106,0.05
Plec,111,0.15
Plec,116,0.21
Plec,121,0.42
Plec,126,0.64
Plec,131,0.75
Plec,136,0.86
Plec,141,0.97
Plec,146,0.98
Plec,151,1
Plec,156,1
Plxnd1,1,0
Plxnd1,6,0
Plxnd1,11,0
Plxnd1,16,0
Plxnd1,21,0
Plxnd1,26,0
Plxnd1,31,0
Plxnd1,36,0
Plxnd1,41,0
Plxnd1,46,0
Plxnd1,51,0
Plxnd1,56,0
Plxnd1,61,0
Plxnd1,66,0
Plxnd1,71,0
Plxnd1,76,0
Plxnd1,81,0
Plxnd1,86,0
Plxnd1,91,0
Plxnd1,96,0
Plxnd1,101,0
Plxnd1,106,0
Plxnd1,111,0.01
Plxnd1,116,0.03
Plxnd1,121,0.06
Plxnd1,126,0.19
Plxnd1,131,0.22
Plxnd1,136,0.52
Plxnd1,141,0.6
Plxnd1,146,0.8
Plxnd1,151,0.89
Plxnd1,156,0.98
Plxnd1,161,1
Podxl,1,0
Podxl,6,0
Podxl,11,0
Podxl,16,0
Podxl,21,0
Podxl,26,0
Podxl,31,0
Podxl,36,0
Podxl,41,0
Podxl,46,0
Podxl,51,0
Podxl,56,0
Podxl,61,0
Podxl,66,0
Podxl,71,0
Podxl,76,0
Podxl,81,0
Podxl,86,0
Podxl,91,0
Podxl,96,0
Podxl,101,0
Podxl,106,0
Podxl,111,0
Podxl,116,0
Podxl,121,0
Podxl,126,0
Podxl,131,0.03
Podxl,136,0.4
Polk,1,0
Polk,6,0
Polk,11,0
Polk,16,0
Polk,21,0
Polk,26,0.01
Polk,31,0.01
Polk,36,0.08
Polk,41,0.11
Polk,46,0.17
Polk,51,0.33
Polk,56,0.55
Polk,61,0.73
Polk,66,0.91
Polk,71,0.89
Polk,76,0.99
Polk,81,1
Polk,86,1
Polk,91,1
Polk,96,1
Polk,101,1
Polk,106,1
Pou2f3,1,0
Pou2f3,6,0
Pou2f3,11,0
Pou2f3,16,0
Pou2f3,21,0
Pou2f3,26,0
Pou2f3,31,0
Pou2f3,36,0
Pou2f3,41,0
Pou2f3,46,0
Pou2f3,51,0
Pou2f3,56,0
Pou2f3,61,0.04
Pou2f3,66,0.02
Pou2f3,71,0.07
Pou2f3,76,0.19
Pou2f3,81,0.42
Pou2f3,86,0.71
Pou2f3,91,0.84
Pou2f3,96,0.92
Pou2f3,101,1
Pou2f3,106,1
Pou2f3,111,1
Pou2f3,116,1
Pou2f3,121,1
Pou2f3,126,1
Ppp1r15b,1,0
Ppp1r15b,6,0
Ppp1r15b,11,0
Ppp1r15b,16,0
Ppp1r15b,21,0
Ppp1r15b,26,0
Ppp1r15b,31,0
Ppp1r15b,36,0
Ppp1r15b,41,0
Ppp1r15b,46,0
Ppp1r15b,51,0
Ppp1r15b,56,0
Ppp1r15b,61,0
Ppp1r7,1,0
Ppp1r7,6,0
Ppp1r7,11,0
Ppp1r7,16,0
Ppp2r3a,1,0
Ppp2r3a,6,0.05
Ppp2r3a,11,0.09
Ppp2r3a,16,0.24
Ppp2r3a,21,0.35
Ppp2r3a,26,0.59
Ppp2r3a,31,0.82
Ppp2r3a,36,0.91
Ppp2r3a,41,0.99
Ppp2r3a,46,1
Ppp2r3a,51,1
Ppp2r3a,56,1
Ppp2r3a,61,1
Ppp2r3a,66,1
Ppp2r3a,71,1
Ppp2r3a,76,1
Ppp2r3a,81,1
Pprc1,1,0
Pprc1,6,0
Pprc1,11,0
Pprc1,16,0
Pprc1,21,0
Pprc1,26,0
Pprc1,31,0
Pprc1,36,0
Pprc1,41,0
Pprc1,46,0.05
Pprc1,51,0.15
Pprc1,56,0.28
Pprc1,61,0.48
Pprc1,66,0.74
Pprc1,71,0.79
Pprc1,76,0.93
Pprc1,81,0.97
Pprc1,86,1
Pprc1,91,1
Pprc1,96,1
Pprc1,101,1
Prag1,1,0
Prag1,6,0
Prag1,11,0
Prag1,16,0
Prag1,21,0
Prag1,26,0
Prag1,31,0
Prag1,36,0
Prag1,41,0
Prag1,46,0
Prag1,51,0
Prag1,56,0
Prag1,61,0
Prag1,66,0
Prag1,71,0.02
Prag1,76,0.03
Prag1,81,0.09
Prag1,86,0.32
Prag1,91,0.37
Prag1,96,0.64
Prag1,101,0.74
Prag1,106,0.83
Prag1,111,0.94
Prag1,116,0.97
Prag1,121,0.99
Prkdc,1,0
Prkdc,6,0
Prkdc,11,0
Prkdc,16,0
Prkdc,21,0
Prkdc,26,0
Prkdc,31,0
Prkdc,36,0
Prkdc,41,0
Prkdc,46,0
Prkdc,51,0
Prkdc,56,0
Prkdc,61,0
Prkdc,66,0
Prkdc,71,0
Prkdc,76,0
Prkdc,81,0
Prkdc,86,0
Prkdc,91,0
Prkdc,96,0
Prkdc,101,0
Prkdc,106,0
Prkdc,111,0
Prkdc,116,0
Prkdc,121,0
Prkdc,126,0
Prkdc,131,0
Prkdc,136,0
Prkdc,141,0
Prkdc,146,0
Prkdc,151,0
Prkdc,156,0
Prkdc,161,0
Prkdc,166,0
Prkdc,171,0.01
Prkdc,176,0
Prkdc,181,0.09
Prkdc,186,0.13
Prkdc,191,0.27
Prkdc,196,0.34
Prkdc,201,0.47
Prkdc,206,0.73
Prkdc,211,0.78
Prkdc,216,0.79
Prkdc,221,0.89
Prkdc,226,0.97
Prkdc,231,0.99
Prkdc,236,0.99
Prkdc,241,1
Prkra,1,0
Prkra,6,0
Prox1,1,0
Prox1,6,0
Prox1,11,0
Prox1,16,0
Prox1,21,0
Prox1,26,0
Prox1,31,0
Prox1,36,0
Prox1,41,0
Prox1,46,0
Prox1,51,0
Prox1,56,0
Prox1,61,0
Prpf3,1,0
Prpf3,6,0
Prpf3,11,0
Prpf3,16,0
Prpf3,21,0
Prrc2c,1,0
Prrc2c,6,0
Prrc2c,11,0
Prrc2c,16,0
Prrc2c,21,0
Prrc2c,26,0.02
Prrc2c,31,0.04
Prrc2c,36,0.14
Prrc2c,41,0.32
Prrc2c,46,0.45
Prrc2c,51,0.65
Prrc2c,56,0.81
Prrc2c,61,0.92
Prrc2c,66,0.96
Prrc2c,71,1
Prrc2c,76,1
Prrc2c,81,1
Prrc2c,86,1
Prrc2c,91,1
Prrc2c,96,1
Psma5,1,0
Psma5,6,0
Psma5,11,0
Psma5,16,0
Psme4,1,0
Psme4,6,0
Psme4,11,0
Psme4,16,0
Psme4,21,0
Psme4,26,0
Psme4,31,0
Psme4,36,0
Psme4,41,0
Psme4,46,0
Psme4,51,0
Psme4,56,0
Psme4,61,0
Psme4,66,0
Psme4,71,0
Psme4,76,0
Psme4,81,0
Psme4,86,0
Psme4,91,0
Psme4,96,0.02
Psme4,101,0.05
Psme4,106,0.17
Psme4,111,0.27
Psme4,116,0.51
Psme4,121,0.67
Psme4,126,0.94
Psme4,131,0.99
Psmg1,1,0
Psmg1,6,0
Psmg1,11,0
Pspc1,1,0
Pspc1,6,0
Pspc1,11,0
Pspc1,16,0
Pspc1,21,0
Pspc1,26,0
Pspc1,31,0
Pspc1,36,0.04
Pspc1,41,0.21
Pspc1,46,0.32
Pspc1,51,0.54
Pspc1,56,0.78
Pspc1,61,0.85
Pspc1,66,0.92
Pspc1,71,0.99
Pspc1,76,1
Pspc1,81,1
Pspc1,86,1
Pspc1,91,1
Pspc1,96,1
Pspc1,101,1
Pspc1,106,1
Pten,1,0
Pten,6,0
Pten,11,0
Pten,16,0
Pten,21,0
Pten,26,0
Pten,31,0
Pten,36,0
Pten,41,0
Pten,46,0
Pten,51,0
Pten,56,0
Pten,61,0.02
Pten,66,0.04
Pten,71,0.05
Pten,76,0.03
Pten,81,0.08
Pten,86,0.13
Pten,91,0.22
Pten,96,0.22
Pten,101,0.19
Pten,106,0.37
Pten,111,0.48
Pten,116,0.44
Pten,121,0.45
Pten,126,0.57
Pten,131,0.7
Pten,136,0.76
Pten,141,0.83
Pten,146,0.84
Pten,151,0.9
Pten,156,0.96
Pten,161,0.93
Pten,166,0.96
Pten,171,0.98
Pten,176,0.99
Pten,181,1
Pten,186,1
Pten,191,1
Pten,196,1
Pten,201,1
Pten,206,1
Pten,211,1
Pten,216,1
Pten,221,1
Pten,226,1
Pten,231,1
Pten,236,1
Pten,241,1
Pten,246,1
Pten,251,1
Pten,256,1
Pten,261,1
Pten,266,1
Pten,271,1
Pten,276,1
Pten,281,1
Pten,286,1
Pten,291,1
Pten,296,1
Pten,301,1
Pten,306,1
Pten,311,1
Pten,316,1
Pten,321,1
Pten,326,1
Pten,331,1
Pten,336,1
Pten,341,1
Pten,346,1
Pten,351,1
Pten,356,1
Pten,361,1
Pten,366,1
Pten,371,1
Pten,376,1
Pten,381,1
Pten,386,1
Pten,391,1
Pten,396,1
Pten,401,1
Pten,406,1
Pten,411,1
Pten,416,1
Pten,421,1
Pten,426,1
Pten,431,1
Pten,436,1
Pten,441,1
Pten,446,1
Pten,451,1
Pten,456,1
Pten,461,1
Pten,466,1
Pten,471,1
Ptgs1,1,0
Ptgs1,6,0
Ptgs1,11,0
Ptgs1,16,0
Ptgs1,21,0
Ptgs1,26,0
Ptgs1,31,0
Ptgs1,36,0
Ptgs1,41,0
Ptgs1,46,0
Ptgs1,51,0
Ptgs1,56,0
Ptgs1,61,0
Ptgs1,66,0
Ptgs1,71,0
Ptgs1,76,0
Ptgs1,81,0
Ptgs1,86,0
Ptgs1,91,0
Ptgs1,96,0
Ptgs1,101,0
Ptgs1,106,0.01
Ptgs1,111,0.01
Ptgs1,116,0.05
Ptgs1,121,0.16
Ptgs1,126,0.37
Ptgs1,131,0.66
Ptgs1,136,0.96
Ptgs2,1,0
Ptgs2,6,0
Ptgs2,11,0
Ptgs2,16,0
Ptgs2,21,0
Ptgs2,26,0
Ptgs2,31,0
Ptgs2,36,0.03
Ptgs2,41,0.02
Ptgs2,46,0.09
Ptgs2,51,0.13
Ptgs2,56,0.22
Ptgs2,61,0.31
Ptgs2,66,0.48
Ptgs2,71,0.54
Ptgs2,76,0.62
Ptgs2,81,0.75
Ptgs2,86,0.81
Ptgs2,91,0.9
Ptgs2,96,0.94
Ptgs2,101,0.99
Ptgs2,106,0.99
Ptgs2,111,1
Ptgs2,116,1
Ptprd,1,0
Ptprd,6,0
Ptprd,11,0
Ptprd,16,0
Ptprd,21,0
Ptprd,26,0
Ptprd,31,0
Ptprd,36,0
Ptprd,41,0
Ptprd,46,0
Ptprd,51,0
Ptprd,56,0
Ptprd,61,0
Ptprd,66,0
Ptprd,71,0
Ptprd,76,0
Ptprd,81,0
Ptprd,86,0
Ptprd,91,0
Ptprd,96,0.02
Ptprd,101,0.36
Pum3,1,0
Pum3,6,0
Pum3,11,0
Pum3,16,0
Pum3,21,0
Pum3,26,0
Pum3,31,0
Pyroxd1,1,0
Pyroxd1,6,0
Pyroxd1,11,0
Pyroxd1,16,0
Pyroxd1,21,0
Pyroxd1,26,0
Pyroxd1,31,0
Pyroxd1,36,0
Pyroxd1,41,0
Pyroxd1,46,0
Pyroxd1,51,0
Pyroxd1,56,0
Pyroxd1,61,0
Pyroxd1,66,0
Pyroxd1,71,0
R3hdm1,1,0
R3hdm1,6,0
R3hdm1,11,0
R3hdm1,16,0
R3hdm1,21,0
R3hdm1,26,0
R3hdm1,31,0
R3hdm1,36,0
R3hdm1,41,0
R3hdm1,46,0
R3hdm1,51,0
R3hdm1,56,0
R3hdm1,61,0
R3hdm1,66,0
R3hdm1,71,0
R3hdm1,76,0
R3hdm1,81,0
R3hdm1,86,0
Rab27a,1,0
Rab27a,6,0
Rab27a,11,0
Rab27a,16,0
Rab27a,21,0
Rab27a,26,0
Rab27a,31,0
Rab27a,36,0
Rab27a,41,0
Rab27a,46,0.04
Rab27a,51,0.19
Rab27a,56,0.53
Rab27a,61,0.75
Rab27a,66,0.99
Rab27a,71,1
Rab27a,76,1
Rab35,1,0
Rab35,6,0
Rab35,11,0
Rab35,16,0
Rab35,21,0
Rab35,26,0
Rab35,31,0
Rab35,36,0
Rab35,41,0
Rab35,46,0
Rab35,51,0
Rab35,56,0
Rab35,61,0
Rab3gap1,1,0
Rab3gap1,6,0
Rab3gap1,11,0
Rab3gap1,16,0
Rab3gap1,21,0
Rab3gap1,26,0
Rab3gap1,31,0
Rab3gap1,36,0
Rab3gap1,41,0
Rab3gap1,46,0
Rab3gap1,51,0.01
Rab3gap1,56,0
Rab3gap1,61,0.02
Rab3gap1,66,0.05
Rab3gap1,71,0.18
Rab3gap1,76,0.21
Rab3gap1,81,0.37
Rab3gap1,86,0.58
Rab3gap1,91,0.7
Rab3gap1,96,0.66
Rab3gap1,101,0.84
Rab3gap1,106,0.88
Rab3gap1,111,0.99
Rab3gap1,116,1
Rab3gap1,121,1
Rab3gap1,126,1
Rab3gap1,131,1
Rab3gap1,136,1
Rab6a,1,0
Rab6a,6,0
Rab6a,11,0
Rab6a,16,0
Rab6a,21,0
Rab6a,26,0
Rab6a,31,0
Rab6a,36,0
Rab6a,41,0
Rab6a,46,0
Rab6a,51,0
Rab6a,56,0
Rab6a,61,0
Rab6a,66,0.04
Rab6a,71,0.22
Rab6a,76,0.4
Rab6a,81,0.67
Rab6a,86,0.77
Rab6a,91,0.82
Rab6a,96,1
Rac1,1,0
Rac1,6,0
Rac1,11,0
Rac1,16,0
Rac1,21,0
Rac1,26,0
Rac1,31,0
Rac1,36,0
Rac1,41,0
Rac1,46,0
Rad51,1,0
Rad51,6,0
Raly,1,0
Raly,6,0
Raly,11,0
Raly,16,0
Raly,21,0
Raly,26,0
Raly,31,0
Raly,36,0
Raly,41,0
Raly,46,0
Raly,51,0
Raly,56,0
Raly,61,0
Raly,66,0
Raly,71,0
Raly,76,0
Raly,81,0.01
Raly,86,0.12
Raly,91,0.25
Raly,96,0.43
Raly,101,0.57
Raly,106,0.77
Raly,111,0.93
Raly,116,0.99
Raly,121,0.99
Raly,126,1
Rap1b,1,0
Rap1b,6,0
Rap1b,11,0
Rap1b,16,0
Rap1b,21,0
Rap1b,26,0
Rap1b,31,0
Rap1b,36,0
Rap1b,41,0
Rap1b,46,0
Rap1b,51,0
Rap1b,56,0
Rap1b,61,0
Rap1b,66,0
Rap1b,71,0
Rap1b,76,0
Rap1b,81,0
Rap1b,86,0
Rap1b,91,0
Rap1b,96,0
Rap1b,101,0
Rap1b,106,0
Rap1b,111,0
Rap1b,116,0
Rap1b,121,0
Rap1b,126,0
Rap1b,131,0
Rap1b,136,0
Rap1b,141,0
Rap1b,146,0
Rap1b,151,0
Rap1b,156,0
Rap1b,161,0
Rap1b,166,0
Rap1b,171,0
Rap1b,176,0
Rap1b,181,0
Rap1b,186,0
Rap1b,191,0
Rap1b,196,0
Rap1b,201,0
Rap1b,206,0
Rap1b,211,0
Rap1b,216,0
Rap1b,221,0
Rap1b,226,0
Rap1b,231,0
Relch,1,0
Relch,6,0
Relch,11,0
Relch,16,0
Relch,21,0
Relch,26,0
Relch,31,0
Relch,36,0
Relch,41,0.01
Relch,46,0.07
Relch,51,0.09
Relch,56,0.19
Relch,61,0.37
Relch,66,0.47
Relch,71,0.72
Relch,76,0.78
Relch,81,0.86
Relch,86,0.95
Relch,91,0.99
Relch,96,1
Relch,101,1
Relch,106,1
Relch,111,1
Rnf111,1,0
Rnf111,6,0
Rnf111,11,0
Rnf111,16,0
Rnf111,21,0
Rnf111,26,0
Rnf111,31,0
Rnf111,36,0
Rnf111,41,0
Rnf111,46,0
Rnf111,51,0
Rnf111,56,0
Rnf111,61,0
Rnf111,66,0
Rnf111,71,0
Rnf111,76,0
Rnf111,81,0
Rnf111,86,0
Rnf111,91,0
Rnf111,96,0
Rnf111,101,0
Rnf111,106,0
Rnf111,111,0.01
Rnf111,116,0.06
Rnf111,121,0.33
Rnf111,126,0.95
Rnf146,1,0
Rnf146,6,0
Rnf146,11,0
Rnf146,16,0
Rnf146,21,0
Rnf146,26,0
Rnf146,31,0
Rnf146,36,0
Rnf146,41,0.01
Rnf146,46,0.02
Rnf146,51,0.04
Rnf146,56,0.09
Rnf146,61,0.13
Rnf146,66,0.2
Rnf146,71,0.3
Rnf146,76,0.34
Rnf146,81,0.47
Rnf146,86,0.51
Rnf146,91,0.56
Rnf146,96,0.67
Rnf146,101,0.78
Rnf146,106,0.85
Rnf146,111,0.84
Rnf146,116,0.9
Rnf146,121,0.97
Rnf146,126,0.99
Rnf146,131,1
Rnf146,136,1
Rnf146,141,1
Rnf146,146,1
Rnf146,151,1
Rnf213,1,0
Rnf213,6,0
Rnf213,11,0
Rnf213,16,0
Rnf213,21,0
Rnf213,26,0
Rnf213,31,0
Rnf213,36,0
Rnf213,41,0.02
Rnf213,46,0.02
Rnf213,51,0.05
Rnf213,56,0.2
Rnf213,61,0.38
Rnf213,66,0.47
Rnf213,71,0.78
Rnf213,76,0.84
Rnf213,81,0.94
Rnf213,86,0.98
Rnf213,91,1
Rnf213,96,1
Rnf213,101,1
Rnf213,106,1
Rnf213,111,1
Rnf213,116,1
Rnf214,1,0
Rnf214,6,0
Rnf214,11,0
Rnf214,16,0
Rnf214,21,0
Rnf214,26,0
Rnf214,31,0
Rnf214,36,0
Rnf214,41,0
Rnf214,46,0
Rnf214,51,0
Rnf214,56,0
Rnf214,61,0.01
Rnf214,66,0.01
Rnf214,71,0.03
Rnf214,76,0.06
Rnf214,81,0.11
Rnf214,86,0.18
Rnf214,91,0.36
Rnf214,96,0.47
Rnf214,101,0.55
Rnf214,106,0.6
Rnf214,111,0.82
Rnf214,116,0.85
Rnf214,121,0.92
Rnf214,126,0.99
Rnf214,131,1
Rnf214,136,1
Rnf214,141,1
Rnf214,146,1
Rnf214,151,1
Rnf214,156,1
Rnf214,161,1
Rnf214,166,1
Rnf217,1,0
Rnf217,6,0
Rnf217,11,0
Rnf217,16,0
Rnf217,21,0
Rnf217,26,0
Rnf217,31,0
Rnf217,36,0
Rnf217,41,0
Rnf217,46,0
Rnf217,51,0
Rnf217,56,0
Rnf217,61,0
Rnf217,66,0
Rnf217,71,0
Rnf217,76,0
Rnf217,81,0.27
Rnf217,86,0.74
Rpn2,1,0
Rpn2,6,0
Rpn2,11,0
Rpn2,16,0
Rpn2,21,0
Rpn2,26,0
Rpn2,31,0
Rpn2,36,0
Rpn2,41,0
Rpn2,46,0
Rsf1,1,0
Rsf1,6,0
Rsf1,11,0
Rsf1,16,0
Rsf1,21,0
Rsf1,26,0
Rsf1,31,0
Rsf1,36,0
Rsf1,41,0
Rsf1,46,0
Rsf1,51,0.01
Rsf1,56,0
Rsf1,61,0.07
Rsf1,66,0.17
Rsf1,71,0.16
Rsf1,76,0.34
Rsf1,81,0.55
Rsf1,86,0.77
Rsf1,91,0.88
Rsf1,96,0.89
Rsf1,101,0.98
Rsf1,106,1
Rsf1,111,1
Rsf1,116,1
Rufy1,1,0
Rufy1,6,0
Rufy1,11,0
Rufy1,16,0
Rufy1,21,0.01
Rufy1,26,0.03
Rufy1,31,0.01
Rufy1,36,0.11
Rufy1,41,0.11
Rufy1,46,0.22
Rufy1,51,0.27
Rufy1,56,0.36
Rufy1,61,0.49
Rufy1,66,0.51
Rufy1,71,0.64
Rufy1,76,0.69
Rufy1,81,0.83
Rufy1,86,0.82
Rufy1,91,0.82
Rufy1,96,0.98
Rufy1,101,0.98
Rufy1,106,1
Rufy1,111,1
Rufy1,116,1
Rufy1,121,1
Runx1t1,1,0
Runx1t1,6,0
Runx1t1,11,0
Runx1t1,16,0
Runx1t1,21,0
Runx1t1,26,0
Runx1t1,31,0
Runx1t1,36,0
Runx1t1,41,0
Runx1t1,46,0
Runx1t1,51,0
Runx1t1,56,0
Runx1t1,61,0
Runx1t1,66,0.04
Runx1t1,71,0.05
Runx1t1,76,0.19
Runx1t1,81,0.32
Runx1t1,86,0.54
Runx1t1,91,0.78
Runx1t1,96,0.89
Runx1t1,101,0.93
Runx1t1,106,0.97
Runx1t1,111,1
Runx1t1,116,1
Runx1t1,121,1
Runx1t1,126,1
Runx1t1,131,1
S100a2,1,0
S100a2,6,0
S100a2,11,0
S100a2,16,0
S100a2,21,0
S100a2,26,0
S100a2,31,0
S100a2,36,0
S100a2,41,0
S100a2,46,0
S100a2,51,0
S100a2,56,0
S100a2,61,0
S100a2,66,0
S100a2,71,0
S100a2,76,0
S100a2,81,0
S100a2,86,0
S100a2,91,0
S100a2,96,0
S100a2,101,0
S100a2,106,0
S100a2,111,0
S100a2,116,0
S100a2,121,0
S100a2,126,0
S100a2,131,0
S100a2,136,0
S100a2,141,0
S100a2,146,0
S100a2,151,0
S100a2,156,0
Sbf2,1,0
Sbf2,6,0
Sbf2,11,0
Sbf2,16,0
Sbf2,21,0
Sbf2,26,0
Sbf2,31,0
Sbf2,36,0
Sbf2,41,0
Sbf2,46,0
Sbf2,51,0
Sbf2,56,0
Sbf2,61,0
Sbf2,66,0.02
Sbf2,71,0.05
Sbf2,76,0.17
Sbf2,81,0.29
Sbf2,86,0.35
Sbf2,91,0.62
Sbf2,96,0.76
Sbf2,101,0.93
Sbf2,106,0.96
Sbf2,111,0.99
Sbf2,116,1
Sbf2,121,1
Sbf2,126,1
Sdhd,1,0.03
Sdhd,6,0.14
Sdhd,11,0.27
Sdhd,16,0.41
Sdhd,21,0.54
Sdhd,26,0.76
Sdhd,31,0.89
Sdhd,36,1
Sdhd,41,0.99
Sdhd,46,1
Sec23a,1,0
Sec23a,6,0
Sec23a,11,0
Sec23a,16,0
Sec23a,21,0
Sec23a,26,0
Sec23a,31,0
Sec23a,36,0
Sec23a,41,0
Sec23a,46,0
Sec23a,51,0
Sec23a,56,0
Sec23a,61,0
Sec23a,66,0
Sec23a,71,0
Sec23b,1,0
Sec23b,6,0.35
Sec23b,11,0.53
Sec23b,16,0.85
Sec23b,21,1
Sec61a1,1,0
Sec61a1,6,0
Sec61a1,11,0
Sec61a1,16,0
Sec61a1,21,0
Sec61a1,26,0
Sec61a1,31,0
Sec61a1,36,0
Sel1l,1,0
Sel1l,6,0
Sel1l,11,0
Sel1l,16,0
Sel1l,21,0
Sel1l,26,0
Sel1l,31,0
Sel1l,36,0
Sel1l,41,0
Sel1l,46,0
Sel1l,51,0
Sel1l,56,0.02
Sel1l,61,0.08
Sel1l,66,0.29
Sel1l,71,0.57
Sel1l,76,0.86
Sel1l,81,0.99
Setd2,1,0
Setd2,6,0
Setd2,11,0
Setd2,16,0
Setd2,21,0
Setd2,26,0
Setd2,31,0
Setd2,36,0
Setd2,41,0
Setd2,46,0
Setd2,51,0
Setd2,56,0
Setd2,61,0
Setd2,66,0
Setd2,71,0
Sf3b4,1,0
Sf3b4,6,0.05
Sf3b4,11,0.53
Sf3b4,16,0.92
Sf3b4,21,1
sgSafe21,1,0
sgSafe21,6,0
sgSafe21,11,0
sgSafe21,16,0
sgSafe21,21,0
sgSafe21,26,0
sgSafe21,31,0
sgSafe21,36,0
sgSafe21,41,0
sgSafe21,46,0
sgSafe21,51,0
sgSafe21,56,0
sgSafe21,61,0
sgSafe21,66,0
sgSafe21,71,0
sgSafe21,76,0
sgSafe21,81,0
sgSafe21,86,0
sgSafe21,91,0
sgSafe21,96,0
sgSafe21,101,0
sgSafe21,106,0
sgSafe21,111,0
sgSafe21,116,0
sgSafe21,121,0
sgSafe21,126,0
sgSafe30,1,0
sgSafe30,6,0
sgSafe30,11,0
sgSafe30,16,0
sgSafe30,21,0
sgSafe30,26,0
sgSafe30,31,0
sgSafe30,36,0
sgSafe30,41,0
sgSafe30,46,0
sgSafe30,51,0
sgSafe30,56,0
sgSafe30,61,0.01
sgSafe30,66,0.03
sgSafe30,71,0.11
sgSafe30,76,0.27
sgSafe30,81,0.4
sgSafe30,86,0.55
sgSafe30,91,0.71
sgSafe30,96,0.79
sgSafe30,101,0.88
sgSafe30,106,0.94
sgSafe30,111,0.97
sgSafe35,1,0
sgSafe35,6,0
sgSafe35,11,0
sgSafe35,16,0
sgSafe35,21,0
sgSafe35,26,0
sgSafe35,31,0
sgSafe35,36,0
sgSafe35,41,0
sgSafe35,46,0
sgSafe35,51,0
sgSafe35,56,0
sgSafe35,61,0
sgSafe35,66,0
sgSafe35,71,0
sgSafe35,76,0
sgSafe35,81,0.01
sgSafe35,86,0.05
sgSafe35,91,0.13
sgSafe35,96,0.38
sgSafe35,101,0.54
sgSafe35,106,0.91
sgSafe35,111,1
sgSafe35,116,1
Skp2,1,0
Skp2,6,0
Skp2,11,0
Skp2,16,0
Skp2,21,0
Skp2,26,0
Skp2,31,0
Slc16a1,1,0
Slc16a1,6,0
Slc16a1,11,0
Slc16a1,16,0.03
Slc16a1,21,0.04
Slc16a1,26,0.08
Slc16a1,31,0.27
Slc16a1,36,0.45
Slc16a1,41,0.68
Slc16a1,46,0.82
Slc16a1,51,0.92
Slc16a1,56,0.97
Slc16a1,61,1
Slc16a1,66,1
Slc16a1,71,1
Slc16a1,76,1
Slc16a1,81,1
Slc2a1,1,0
Slc2a2,1,0
Slc2a2,6,0
Slc2a2,11,0
Slc2a2,16,0
Slc2a2,21,0
Slc2a2,26,0
Slc2a2,31,0
Slc2a2,36,0
Slc2a2,41,0
Slc2a2,46,0
Slc2a2,51,0
Slc2a2,56,0
Slc2a2,61,0
Slc2a2,66,0.02
Slc2a2,71,0.09
Slc2a2,76,0.1
Slc2a2,81,0.37
Slc2a2,86,0.41
Slc2a2,91,0.59
Slc2a2,96,0.68
Slc2a2,101,0.79
Slc2a2,106,0.95
Slc2a2,111,0.96
Slc2a2,116,0.99
Slc2a2,121,1
Slc2a2,126,1
Slc39a7,1,0
Slc39a7,6,0
Slc39a7,11,0.01
Slc39a7,16,0.03
Slc39a7,21,0.07
Slc39a7,26,0.27
Slc39a7,31,0.4
Slc39a7,36,0.51
Slc39a7,41,0.8
Slc39a7,46,0.92
Slc39a7,51,0.99
Slc39a7,56,1
Slc44a1,1,0
Slc44a1,6,0
Slc44a1,11,0
Slc44a1,16,0
Slc44a1,21,0
Slc44a1,26,0
Slc44a1,31,0
Slc44a1,36,0
Slc44a1,41,0
Slc44a1,46,0
Slc44a1,51,0
Slc44a1,56,0
Slc44a1,61,0
Slc44a1,66,0
Slc44a1,71,0
Slc44a1,76,0
Slc44a1,81,0
Slc44a1,86,0
Slc44a1,91,0
Slc44a1,96,0
Slc44a1,101,0
Smarca2,1,0
Smarca2,6,0
Smarca2,11,0
Smarca2,16,0
Smarca2,21,0
Smarca2,26,0
Smarca2,31,0
Smarca2,36,0.1
Smarca2,41,0.28
Smarca2,46,0.64
Smarca2,51,0.85
Smarca2,56,0.99
Smarca4,1,0
Smarca4,6,0
Smarca4,11,0
Smarca4,16,0
Smc4,1,0
Smc4,6,0
Smchd1,1,0
Smchd1,6,0
Smchd1,11,0
Smchd1,16,0
Smchd1,21,0
Smchd1,26,0
Smchd1,31,0
Smchd1,36,0
Smchd1,41,0
Smchd1,46,0
Snap23,1,0
Snap23,6,0
Snap23,11,0
Snap23,16,0
Snap23,21,0
Snap23,26,0
Snap23,31,0
Snap23,36,0.15
Snap23,41,0.44
Snap23,46,0.66
Snap23,51,0.88
Snap23,56,0.99
Snap23,61,1
Snap23,66,1
Snupn,1,0
Snupn,6,0
Snupn,11,0
Sox4,1,0
Sox4,6,0
Sox4,11,0
Sox4,16,0.03
Sox4,21,0.17
Sox4,26,0.31
Sox4,31,0.51
Sox4,36,0.81
Sox4,41,0.91
Sox4,46,0.95
Sox4,51,0.99
Sox4,56,1
Sox4,61,1
Sox4,66,1
Sox4,71,1
Sox4,76,1
Sox4,81,1
Spen,1,0
Spen,6,0
Spen,11,0
Spen,16,0
Spen,21,0
Spen,26,0
Spen,31,0
Spen,36,0
Spen,41,0
Spen,46,0
Spen,51,0
Spen,56,0
Spen,61,0
Spen,66,0
Spen,71,0
Spen,76,0.01
Spen,81,0.07
Spen,86,0.12
Spen,91,0.26
Spen,96,0.61
Spen,101,0.8
Spen,106,0.88
Spen,111,1
Spen,116,1
Spen,121,1
Spire1,1,0
Spire1,6,0
Spire1,11,0
Spire1,16,0
Spire1,21,0
Spire1,26,0
Spire1,31,0
Spire1,36,0
Spire1,41,0
Spire1,46,0
Spire1,51,0
Spire1,56,0
Spire1,61,0
Spire1,66,0
Spire1,71,0
Spire1,76,0
Spire1,81,0
Spire1,86,0
Spire1,91,0
Spire1,96,0
Spire1,101,0
Spire1,106,0
Spire1,111,0
Spire1,116,0
Spire1,121,0
Spire1,126,0
Spire1,131,0
Spire1,136,0
Spire1,141,0
Spire1,146,0
Spire1,151,0
Spire1,156,0
Spire1,161,0
Spire1,166,0
Spire1,171,0
Sptbn1,1,0
Sptbn1,6,0
Sptbn1,11,0
Sptbn1,16,0
Sptbn1,21,0
Sptbn1,26,0
Sptbn1,31,0
Sptbn1,36,0
Sptbn1,41,0
Sptbn1,46,0
Sptbn1,51,0
Sptbn1,56,0
Sptbn1,61,0
Sptbn1,66,0.01
Sptbn1,71,0.03
Sptbn1,76,0.13
Sptbn1,81,0.19
Sptbn1,86,0.54
Sptbn1,91,0.72
Sptbn1,96,0.76
Sptbn1,101,0.92
Sptbn1,106,0.99
Srp54a,1,0
Srp54a,6,0
Srp54a,11,0
Srp54a,16,0
Srp54a,21,0
Srp54a,26,0
Srp54a,31,0
Srp54a,36,0
Srp54a,41,0
Srp54a,46,0
Srp54a,51,0
Srp54a,56,0
Srp54a,61,0
Srp54a,66,0
Srp54a,71,0
Srp54a,76,0
Srp54a,81,0
Srp54a,86,0
Stab1,1,0
Stab1,6,0
Stab1,11,0
Stab1,16,0
Stab1,21,0
Stab1,26,0
Stab1,31,0
Stab1,36,0
Stab1,41,0
Stab1,46,0
Stab1,51,0
Stab1,56,0
Stab1,61,0
Stab1,66,0
Stab1,71,0
Stab1,76,0
Stab1,81,0
Stab1,86,0
Stab1,91,0
Stab1,96,0.01
Stab1,101,0.05
Stab1,106,0.06
Stab1,111,0.22
Stab1,116,0.31
Stab1,121,0.44
Stab1,126,0.67
Stab1,131,0.65
Stab1,136,0.86
Stab1,141,0.89
Stab1,146,0.98
Stab1,151,1
Stab1,156,1
Stab1,161,1
Stab1,166,1
Sting1,1,0
Sting1,6,0
Sting1,11,0
Sting1,16,0
Sting1,21,0
Sting1,26,0
Sting1,31,0
Sting1,36,0
Sting1,41,0
Sting1,46,0
Sting1,51,0
Sting1,56,0
Sting1,61,0
Sting1,66,0
Sting1,71,0.01
Sting1,76,0.08
Sting1,81,0.12
Sting1,86,0.27
Sting1,91,0.55
Sting1,96,0.71
Sting1,101,0.99
Sting1,106,0.98
Sting1,111,1
Strn4,1,0
Strn4,6,0
Strn4,11,0
Strn4,16,0
Strn4,21,0
Strn4,26,0
Strn4,31,0
Strn4,36,0
Strn4,41,0
Strn4,46,0
Strn4,51,0
Strn4,56,0
Strn4,61,0
Strn4,66,0
Strn4,71,0.01
Strn4,76,0.03
Strn4,81,0.18
Strn4,86,0.26
Strn4,91,0.46
Strn4,96,0.63
Strn4,101,0.78
Strn4,106,0.88
Strn4,111,0.97
Strn4,116,1
Strn4,121,1
Strn4,126,1
Strn4,131,1
Stxbp1,1,0
Stxbp1,6,0
Stxbp1,11,0
Stxbp1,16,0
Stxbp1,21,0
Stxbp1,26,0
Stxbp1,31,0.09
Stxbp1,36,0.5
Stxbp1,41,0.84
Stxbp1,46,1
Stxbp1,51,1
Sumf2,1,0
Sumf2,6,0
Sumf2,11,0
Sumf2,16,0
Sumf2,21,0
Sumf2,26,0
Sumf2,31,0
Sumf2,36,0.07
Sumf2,41,0.19
Sumf2,46,0.36
Sumf2,51,0.59
Sumf2,56,0.7
Sumf2,61,0.92
Sumf2,66,0.98
Sumf2,71,1
Sumf2,76,1
Sumf2,81,1
Susd3,1,0
Susd3,6,0
Susd3,11,0
Susd3,16,0
Susd3,21,0.05
Susd3,26,0.19
Susd3,31,0.3
Susd3,36,0.54
Susd3,41,0.75
Susd3,46,0.95
Susd3,51,0.98
Susd3,56,1
Susd3,61,1
Susd3,66,1
Susd3,71,1
Susd3,76,1
Svil,1,0.01
Svil,6,0.06
Svil,11,0.14
Svil,16,0.13
Svil,21,0.2
Svil,26,0.14
Svil,31,0.26
Svil,36,0.29
Svil,41,0.36
Svil,46,0.42
Svil,51,0.53
Svil,56,0.69
Svil,61,0.74
Svil,66,0.91
Svil,71,0.99
Svil,76,1
Svil,81,1
Svil,86,1
Svil,91,1
Svil,96,1
Svil,101,1
Svil,106,1
Svil,111,1
Tango6,1,0
Tango6,6,0
Tango6,11,0
Tango6,16,0
Tango6,21,0
Taok3,1,0
Taok3,6,0
Taok3,11,0
Taok3,16,0
Taok3,21,0
Taok3,26,0
Taok3,31,0
Taok3,36,0.01
Taok3,41,0.14
Taok3,46,0.23
Taok3,51,0.45
Taok3,56,0.59
Taok3,61,0.95
Taok3,66,0.9
Taok3,71,0.99
Taok3,76,0.99
Taok3,81,1
Taok3,86,1
Taok3,91,1
Tbc1d12,1,0
Tbc1d12,6,0
Tbc1d12,11,0
Tbc1d12,16,0
Tbc1d12,21,0
Tbc1d12,26,0.01
Tbc1d12,31,0
Tbc1d12,36,0.05
Tbc1d12,41,0.26
Tbc1d12,46,0.49
Tbc1d12,51,0.71
Tbc1d12,56,0.83
Tbc1d12,61,0.96
Tbc1d12,66,1
Tbc1d12,71,1
Tbc1d12,76,1
Tbc1d12,81,1
Tdp1,1,0
Tdp1,6,0
Tdp1,11,0
Tdp1,16,0
Tdp1,21,0
Tdp1,26,0
Tdp1,31,0
Tdp1,36,0
Tdp1,41,0
Tdp1,46,0.02
Tdp1,51,0
Tdp1,56,0.09
Tdp1,61,0.15
Tdp1,66,0.44
Tdp1,71,0.76
Tdp1,76,0.88
Tdp1,81,0.99
Tek,1,0
Tek,6,0
Tek,11,0
Tek,16,0
Tek,21,0
Tek,26,0
Tek,31,0
Tek,36,0
Tek,41,0
Tek,46,0
Tek,51,0
Tek,56,0
Tek,61,0
Tek,66,0
Tek,71,0
Tek,76,0
Tek,81,0
Tek,86,0
Tek,91,0.01
Tek,96,0
Tek,101,0.07
Tek,106,0.14
Tek,111,0.31
Tek,116,0.56
Tek,121,0.72
Tek,126,0.85
Tek,131,0.98
Tek,136,1
Tek,141,1
Tex10,1,0
Tex10,6,0
Tex10,11,0
Tex10,16,0
Tfdp1,1,0
Tfdp1,6,0
Tfdp1,11,0
Tgfb1,1,0
Tgfb1,6,0
Tgfb1,11,0
Tgfb1,16,0
Tgfb1,21,0
Tgfb1,26,0.01
Tgfb1,31,0.07
Tgfb1,36,0.13
Tgfb1,41,0.2
Tgfb1,46,0.51
Tgfb1,51,0.62
Tgfb1,56,0.82
Tgfb1,61,0.9
Tgfb1,66,0.97
Tgfb1,71,1
Tgfb1,76,1
Tgfb1,81,1
Tgfbrap1,1,0
Tgfbrap1,6,0
Tgfbrap1,11,0
Tgfbrap1,16,0
Tgfbrap1,21,0
Tgfbrap1,26,0
Tgfbrap1,31,0
Tgfbrap1,36,0.04
Tgfbrap1,41,0.08
Tgfbrap1,46,0.21
Tgfbrap1,51,0.46
Tgfbrap1,56,0.69
Tgfbrap1,61,0.88
Tgfbrap1,66,0.97
Tgfbrap1,71,1
Tgfbrap1,76,1
Tln1,1,0
Tln1,6,0
Tln1,11,0
Tln1,16,0
Tln1,21,0
Tln1,26,0
Tln1,31,0
Tln1,36,0
Tln1,41,0
Tln1,46,0
Tln1,51,0
Tln1,56,0
Tln1,61,0.02
Tln1,66,0.09
Tln1,71,0.18
Tln1,76,0.28
Tln1,81,0.55
Tln1,86,0.78
Tln1,91,0.94
Tln1,96,0.99
Tm9sf3,1,0
Tm9sf3,6,0
Tm9sf3,11,0
Tm9sf3,16,0
Tm9sf3,21,0
Tm9sf3,26,0
Tm9sf3,31,0
Tm9sf3,36,0
Tm9sf3,41,0
Tm9sf3,46,0
Tm9sf3,51,0
Tm9sf3,56,0
Tm9sf3,61,0
Tm9sf3,66,0
Tm9sf3,71,0
Tmx2,1,0
Tmx2,6,0
Tmx2,11,0
Tmx2,16,0.02
Tmx2,21,0.07
Tmx2,26,0.41
Tmx2,31,0.89
Tonsl,1,0
Topbp1,1,0
Topbp1,6,0
Tox,1,0
Tox,6,0
Tox,11,0
Tox,16,0
Tox,21,0
Tox,26,0
Tox,31,0
Tox,36,0
Tox,41,0
Tox,46,0
Tox,51,0
Tox,56,0
Tox,61,0
Tox,66,0
Tox,71,0
Tox,76,0
Tox,81,0
Tox,86,0
Tox,91,0
Tox,96,0
Tox,101,0
Tox,106,0.04
Tox,111,0.18
Tox,116,0.46
Tox,121,0.85
Tox,126,0.99
Tpp2,1,0
Tpp2,6,0
Tpp2,11,0
Tpp2,16,0
Tpp2,21,0
Tpp2,26,0
Tpp2,31,0.01
Tpp2,36,0.01
Tpp2,41,0.01
Tpp2,46,0.08
Tpp2,51,0.1
Tpp2,56,0.18
Tpp2,61,0.45
Tpp2,66,0.57
Tpp2,71,0.79
Tpp2,76,0.89
Tpp2,81,0.88
Tpp2,86,0.98
Tpp2,91,0.97
Tpp2,96,1
Tpp2,101,1
Tpp2,106,1
Tpp2,111,1
Tpp2,116,1
Tpp2,121,1
Trio,1,0
Trio,6,0
Trio,11,0
Trio,16,0
Trio,21,0
Trio,26,0
Trio,31,0
Trio,36,0
Trio,41,0
Trio,46,0
Trio,51,0
Trio,56,0
Trio,61,0
Trio,66,0
Trio,71,0
Trio,76,0
Trio,81,0
Trio,86,0
Trio,91,0
Trio,96,0
Trio,101,0
Trio,106,0
Trio,111,0
Trio,116,0
Trio,121,0
Trio,126,0
Trio,131,0
Trio,136,0
Trio,141,0
Trio,146,0
Trio,151,0
Trio,156,0
Trio,161,0.06
Trio,166,0.18
Trio,171,0.5
Trio,176,0.76
Trio,181,1
Triobp,1,0
Triobp,6,0.01
Triobp,11,0.01
Triobp,16,0.02
Triobp,21,0.14
Triobp,26,0.2
Triobp,31,0.34
Triobp,36,0.36
Triobp,41,0.51
Triobp,46,0.56
Triobp,51,0.77
Triobp,56,0.83
Triobp,61,0.94
Triobp,66,0.98
Triobp,71,1
Triobp,76,1
Triobp,81,1
Triobp,86,1
Triobp,91,1
Triobp,96,1
Triobp,101,1
Trip12,1,0
Trip12,6,0
Trip12,11,0
Trip12,16,0
Trip12,21,0
Trip12,26,0.01
Trip12,31,0.01
Trip12,36,0.03
Trip12,41,0.11
Trip12,46,0.14
Trip12,51,0.14
Trip12,56,0.28
Trip12,61,0.48
Trip12,66,0.56
Trip12,71,0.64
Trip12,76,0.72
Trip12,81,0.79
Trip12,86,0.86
Trip12,91,0.96
Trip12,96,0.95
Trip12,101,0.93
Trip12,106,0.99
Trip12,111,1
Trip12,116,1
Trip12,121,1
Trip12,126,1
Trip12,131,1
Trip12,136,1
Trip12,141,1
Trip12,146,1
Trip12,151,1
Trip12,156,1
Trip12,161,1
Trip12,166,1
Trip12,171,1
Trip12,176,1
Trip12,181,1
Trip12,186,1
Trip12,191,1
Trip12,196,1
Trip12,201,1
Trip12,206,1
Trip12,211,1
Trip12,216,1
Trip12,221,1
Trip12,226,1
Trip12,231,1
Trip12,236,1
Trip12,241,1
Tsc1,1,0.02
Tsc1,6,0.01
Tsc1,11,0.1
Tsc1,16,0.12
Tsc1,21,0.21
Tsc1,26,0.27
Tsc1,31,0.28
Tsc1,36,0.33
Tsc1,41,0.49
Tsc1,46,0.6
Tsc1,51,0.73
Tsc1,56,0.82
Tsc1,61,0.85
Tsc1,66,0.94
Tsc1,71,1
Tsc1,76,0.98
Tsc1,81,1
Tsc1,86,1
Tsc1,91,1
Tsc1,96,1
Tsc1,101,1
Tsc1,106,1
Tsc2,1,0.01
Tsc2,6,0.07
Tsc2,11,0.13
Tsc2,16,0.21
Tsc2,21,0.32
Tsc2,26,0.39
Tsc2,31,0.49
Tsc2,36,0.53
Tsc2,41,0.66
Tsc2,46,0.67
Tsc2,51,0.82
Tsc2,56,0.88
Tsc2,61,0.88
Tsc2,66,0.94
Tsc2,71,0.98
Tsc2,76,0.98
Tsc2,81,0.99
Tsc2,86,1
Tsc2,91,1
Tsc2,96,1
Tsc2,101,1
Tsc2,106,1
Tsc2,111,1
Tsc2,116,1
Tsc2,121,1
Tspan17,1,0
Tspan17,6,0
Tspan17,11,0
Tspan17,16,0
Tspan17,21,0
Tspan17,26,0
Tspan17,31,0
Tspan17,36,0
Tspan17,41,0
Tspan17,46,0
Tspan17,51,0
Tspan17,56,0
Tspan17,61,0
Tspan17,66,0
Tspan17,71,0
Tspan17,76,0
Tspan17,81,0.02
Tspan17,86,0.01
Tspan17,91,0.08
Tspan17,96,0.21
Tspan17,101,0.41
Tspan17,106,0.66
Tspan17,111,0.83
Tspan17,116,0.99
Ttc28,1,0
Ttc28,6,0
Ttc28,11,0
Ttc28,16,0
Ttc28,21,0
Ttc28,26,0
Ttc28,31,0
Ttc28,36,0
Ttc28,41,0
Ttc28,46,0.03
Ttc28,51,0.05
Ttc28,56,0.13
Ttc28,61,0.21
Ttc28,66,0.33
Ttc28,71,0.41
Ttc28,76,0.49
Ttc28,81,0.65
Ttc28,86,0.82
Ttc28,91,0.88
Ttc28,96,0.99
Ttc28,101,1
Ttc28,106,1
Ttc28,111,0.99
Ttc28,116,1
Ttc28,121,1
Ttc28,126,1
Ttc28,131,1
Ttc28,136,1
Ttc28,141,1
Tubgcp3,1,0
Uba3,1,0
Ubap2l,1,0
Ubap2l,6,0
Ubap2l,11,0
Ubap2l,16,0
Ubap2l,21,0
Ubap2l,26,0
Ube2q1,1,0
Ube2q1,6,0
Ube2q1,11,0
Ube2q1,16,0
Ube2q1,21,0
Ube2q1,26,0
Ube2q1,31,0
Ube2q1,36,0
Ube2q1,41,0
Ube2q1,46,0
Ube2q1,51,0.02
Ube2q1,56,0
Ube2q1,61,0.01
Ube2q1,66,0.01
Ube2q1,71,0.06
Ube2q1,76,0.13
Ube2q1,81,0.17
Ube2q1,86,0.33
Ube2q1,91,0.42
Ube2q1,96,0.46
Ube2q1,101,0.55
Ube2q1,106,0.68
Ube2q1,111,0.82
Ube2q1,116,0.86
Ube2q1,121,0.92
Ube2q1,126,0.98
Ube2q1,131,0.98
Ube2q1,136,0.98
Ube2q1,141,1
Ube2q1,146,1
Ube2q1,151,1
Ube2q1,156,1
Ube2q1,161,1
Ube2q1,166,1
Ube2q1,171,1
Ube2q1,176,1
Ube2q1,181,1
Ube2q1,186,1
Ube2q1,191,1
Ubr1,1,0
Ubr1,6,0
Ubr1,11,0
Ubr1,16,0
Ubr1,21,0
Ubr1,26,0
Ubr1,31,0
Ubr1,36,0
Ubr1,41,0.06
Ubr1,46,0.07
Ubr1,51,0.2
Ubr1,56,0.26
Ubr1,61,0.41
Ubr1,66,0.66
Ubr1,71,0.69
Ubr1,76,0.79
Ubr1,81,0.9
Ubr1,86,0.94
Ubr1,91,0.97
Ubr1,96,0.99
Ubr1,101,1
Ubr1,106,1
Ubr1,111,1
Ubr1,116,1
Ubr1,121,1
Ubr3,1,0
Ubr3,6,0
Ubr3,11,0
Ubr3,16,0
Ubr3,21,0
Ubr3,26,0.02
Ubr3,31,0.04
Ubr3,36,0.1
Ubr3,41,0.22
Ubr3,46,0.41
Ubr3,51,0.62
Ubr3,56,0.72
Ubr3,61,0.9
Ubr3,66,0.96
Ubr3,71,0.96
Ubr3,76,1
Ubr3,81,0.99
Ubr3,86,1
Ubr3,91,1
Ubr3,96,1
Ubr3,101,1
Ubr3,106,1
Ubr3,111,1
Ubr3,116,1
Ubr3,121,1
Ubr3,126,1
Ubr3,131,1
Ufl1,1,0
Ufl1,6,0
Ufl1,11,0
Ufl1,16,0
Ugdh,1,0
Ugdh,6,0
Ugdh,11,0
Ugdh,16,0
Ugdh,21,0
Ugdh,26,0
Ugdh,31,0
Ugdh,36,0
Ugdh,41,0
Ugdh,46,0.01
Ugdh,51,0.03
Ugdh,56,0.23
Ugdh,61,0.36
Ugdh,66,0.61
Ugdh,71,0.69
Ugdh,76,0.87
Ugdh,81,0.98
Ugdh,86,1
Uggt1,1,0
Uggt1,6,0
Uggt1,11,0
Uggt1,16,0
Uggt1,21,0
Uggt1,26,0
Uggt1,31,0
Uggt1,36,0.01
Uggt1,41,0.08
Uggt1,46,0.16
Uggt1,51,0.31
Uggt1,56,0.55
Uggt1,61,0.74
Uggt1,66,0.83
Uggt1,71,0.93
Uggt1,76,0.99
Uggt1,81,1
Uggt1,86,1
Usp32,1,0
Usp32,6,0
Usp32,11,0
Usp32,16,0
Usp32,21,0
Usp32,26,0
Usp32,31,0
Usp32,36,0
Usp32,41,0
Usp32,46,0
Usp32,51,0
Usp32,56,0
Usp32,61,0
Usp32,66,0
Usp32,71,0.01
Usp32,76,0.06
Usp32,81,0.14
Usp32,86,0.24
Usp32,91,0.41
Usp32,96,0.54
Usp32,101,0.79
Usp32,106,0.94
Usp32,111,0.99
Usp32,116,0.99
Usp32,121,1
Usp32,126,1
Usp32,131,1
Usp36,1,0
Usp36,6,0
Usp36,11,0
Usp36,16,0
Usp36,21,0.23
Usp36,26,0.73
Vps13b,1,0
Vps13b,6,0
Vps13b,11,0
Vps13b,16,0
Vps13b,21,0
Vps13b,26,0
Vps13b,31,0
Vps13b,36,0
Vps13b,41,0
Vps13b,46,0
Vps13b,51,0
Vps13b,56,0
Vps13b,61,0
Vps13b,66,0
Vps13b,71,0
Vps13b,76,0
Vps13b,81,0
Vps13b,86,0
Vps13b,91,0
Vps13b,96,0.01
Vps13b,101,0.14
Vps13b,106,0.39
Vps13b,111,0.82
Vps13c,1,0
Vps13c,6,0
Vps13c,11,0
Vps13c,16,0
Vps13c,21,0
Vps13c,26,0
Vps13c,31,0
Vps13c,36,0
Vps13c,41,0
Vps13c,46,0
Vps13c,51,0
Vps13c,56,0
Vps13c,61,0
Vps13c,66,0
Vps13c,71,0
Vps13c,76,0
Vps13c,81,0
Vps13c,86,0
Vps13c,91,0
Vps13c,96,0
Vps13c,101,0
Vps13c,106,0
Vps13c,111,0
Vps13c,116,0
Vps13c,121,0
Vps16,1,0
Vps16,6,0
Vps16,11,0
Vps16,16,0
Vps16,21,0
Vps16,26,0
Vps16,31,0
Vps16,36,0
Vps16,41,0
Vps16,46,0
Wapl,1,0
Wapl,6,0
Wapl,11,0
Wapl,16,0
Wapl,21,0
Wapl,26,0
Wapl,31,0
Wapl,36,0
Wapl,41,0
Wapl,46,0
Wapl,51,0
Wapl,56,0
Wapl,61,0
Wdr82,1,0
Wdr82,6,0
Wdr82,11,0
Wdr82,16,0
Wdr82,21,0
Wdr82,26,0
Wnk1,1,0
Wnk1,6,0
Wnk1,11,0
Wnk1,16,0
Wnk1,21,0
Wnk1,26,0
Wnk1,31,0
Wnk1,36,0
Wnk1,41,0
Wnk1,46,0
Wnk1,51,0
Wnk1,56,0
Wnk1,61,0
Wnk1,66,0
Wnk1,71,0
Wnk1,76,0
Wnk1,81,0
Wnk1,86,0
Wnk1,91,0
Wnk1,96,0
Wnk1,101,0
Wnk1,106,0
Wnk1,111,0
Wnk1,116,0
Wnk1,121,0
Wnk1,126,0
Wnk1,131,0
Wnk1,136,0
Wnk1,141,0
Wnk1,146,0
Wnk1,151,0
Wnk1,156,0
Wnk1,161,0
Wnk1,166,0
Wnk1,171,0
Wnk1,176,0
Wnk1,181,0
Wnk1,186,0
Wnk1,191,0
Wnk1,196,0
Wnk1,201,0
Wnk1,206,0
Wnk1,211,0
Wnk1,216,0
Wnk1,221,0
Wnk1,226,0
Wnk1,231,0
Wnk1,236,0
Wnk1,241,0
Wnk1,246,0
Wnk1,251,0
Wnk1,256,0
Wnk1,261,0
Wnk1,266,0
Wnk1,271,0
Wnk1,276,0
Wnk1,281,0
Wnk3,1,0
Wnk3,6,0
Wnk3,11,0
Wnk3,16,0
Wnk3,21,0
Wnk3,26,0
Wnk3,31,0
Wnk3,36,0
Wnk3,41,0
Wnk3,46,0
Wnk3,51,0
Wnk3,56,0
Wnk3,61,0
Wnk3,66,0
Wnk3,71,0
Wnk3,76,0
Wnk3,81,0
Wnk3,86,0
Wsb2,1,0
Wsb2,6,0
Wsb2,11,0
Wsb2,16,0
Wsb2,21,0
Wsb2,26,0
Wsb2,31,0
Wsb2,36,0
Wsb2,41,0
Wsb2,46,0
Wsb2,51,0
Wsb2,56,0
Wsb2,61,0
Wsb2,66,0
Wsb2,71,0
Wwp1,1,0
Wwp1,6,0
Wwp1,11,0
Wwp1,16,0
Wwp1,21,0
Wwp1,26,0
Wwp1,31,0
Wwp1,36,0
Wwp1,41,0
Wwp1,46,0.02
Wwp1,51,0.02
Wwp1,56,0.13
Wwp1,61,0.21
Wwp1,66,0.46
Wwp1,71,0.59
Wwp1,76,0.73
Wwp1,81,0.86
Wwp1,86,0.89
Wwp1,91,0.98
Wwp1,96,1
Wwp1,101,1
Wwp1,106,1
Wwp1,111,1
Wwp1,116,1
Wwp1,121,1
Wwp1,126,1
Xrn2,1,0
Xrn2,6,0
Xrn2,11,0
Xrn2,16,0
Yap1,1,0
Yap1,6,0
Yap1,11,0
Yap1,16,0
Yap1,21,0
Yap1,26,0
Yap1,31,0
Yap1,36,0
Yap1,41,0
Yap1,46,0
Yap1,51,0
Yap1,56,0
Yap1,61,0
Yap1,66,0
Yap1,71,0.11
Yap1,76,0.24
Yap1,81,0.48
Yap1,86,0.63
Yap1,91,0.82
Yap1,96,0.98
Yap1,101,0.99
Yap1,106,1
Ylpm1,1,0
Ylpm1,6,0
Ylpm1,11,0
Ylpm1,16,0
Ylpm1,21,0
Ylpm1,26,0
Ylpm1,31,0
Ylpm1,36,0
Ylpm1,41,0
Ylpm1,46,0
Ylpm1,51,0
Ylpm1,56,0
Ylpm1,61,0
Ylpm1,66,0
Ylpm1,71,0
Ylpm1,76,0
Ylpm1,81,0
Ylpm1,86,0
Ylpm1,91,0
Ylpm1,96,0
Ylpm1,101,0
Ylpm1,106,0
Ylpm1,111,0
Ylpm1,116,0
Zbtb4,1,0
Zbtb4,6,0
Zbtb4,11,0
Zbtb4,16,0
Zbtb4,21,0
Zbtb4,26,0
Zbtb4,31,0
Zbtb4,36,0.01
Zbtb4,41,0.09
Zbtb4,46,0.19
Zbtb4,51,0.5
Zbtb4,56,0.8
Zbtb4,61,0.92
Zbtb4,66,1
Zbtb4,71,1
Zbtb4,76,1
Zbtb4,81,1
Zbtb4,86,1
Zc3h7a,1,0
Zc3h7a,6,0
Zc3h7a,11,0
Zc3h7a,16,0
Zc3h7a,21,0
Zc3h7a,26,0
Zc3h7a,31,0
Zc3h7a,36,0
Zc3h7a,41,0
Zc3h7a,46,0.1
Zc3h7a,51,0.28
Zc3h7a,56,0.38
Zc3h7a,61,0.55
Zc3h7a,66,0.59
Zc3h7a,71,0.81
Zc3h7a,76,0.95
Zc3h7a,81,0.96
Zc3h7a,86,1
Zc3h7a,91,1
Zc3h7a,96,1
Zc3h7a,101,1
Zcchc14,1,0
Zcchc14,6,0
Zcchc14,11,0
Zcchc14,16,0
Zcchc14,21,0
Zcchc14,26,0
Zcchc14,31,0
Zcchc14,36,0
Zcchc14,41,0
Zcchc14,46,0
Zcchc14,51,0
Zcchc14,56,0
Zcchc14,61,0.02
Zcchc14,66,0.02
Zcchc14,71,0.1
Zcchc14,76,0.2
Zcchc14,81,0.34
Zcchc14,86,0.59
Zcchc14,91,0.73
Zcchc14,96,0.83
Zcchc14,101,0.94
Zcchc14,106,0.98
Zcchc14,111,1
Zcchc14,116,1
Zcchc14,121,1
Zeb1,1,0
Zeb1,6,0
Zeb1,11,0
Zeb1,16,0
Zeb1,21,0.01
Zeb1,26,0.02
Zeb1,31,0.07
Zeb1,36,0.18
Zeb1,41,0.47
Zeb1,46,0.67
Zeb1,51,0.79
Zeb1,56,0.9
Zeb1,61,0.96
Zeb1,66,0.93
Zeb1,71,0.99
Zeb1,76,1
Zeb1,81,1
Zeb1,86,1
Zeb1,91,1
Zeb1,96,1
Zeb1,101,1
Zeb1,106,1
Zeb1,111,1
Zeb1,116,1
Zeb1,121,1
Zeb1,126,1
Zeb1,131,1
Zeb1,136,1
Zeb1,141,1
Zeb1,146,1
Zeb1,151,1
Zeb1,156,1
Zeb1,161,1
Zeb1,166,1
Zeb1,171,1
Zeb1,176,1
Zeb1,181,1
Zeb1,186,1
Zeb1,191,1
Zeb1,196,1
Zfhx3,1,0
Zfhx3,6,0
Zfhx3,11,0
Zfhx3,16,0
Zfhx3,21,0.01
Zfhx3,26,0.2
Zfhx3,31,0.49
Zfhx3,36,0.88
Zfhx3,41,0.98
Zfhx3,46,1
Zfp574,1,0
Zfp574,6,0
Zfp574,11,0
Zfp574,16,0
Zfp574,21,0
Zfr,1,0
Zfr,6,0
Zfr,11,0
Zfr,16,0
Zfr,21,0
Zfr,26,0
Zfyve9,1,0
Zfyve9,6,0
Zfyve9,11,0
Zfyve9,16,0
Zfyve9,21,0
Zfyve9,26,0
Zfyve9,31,0
Zfyve9,36,0
Zfyve9,41,0
Zfyve9,46,0
Zfyve9,51,0
Zfyve9,56,0
Zfyve9,61,0
Zfyve9,66,0
Zfyve9,71,0
Zfyve9,76,0
Zfyve9,81,0
Zfyve9,86,0
Zfyve9,91,0
Zmiz1,1,0
Zmiz1,6,0.03
Zmiz1,11,0.17
Zmiz1,16,0.45
Zmiz1,21,0.65
Zmiz1,26,0.87
Zmiz1,31,0.95
Zmiz1,36,0.98
Zmiz1,41,0.99
Zmiz1,46,1
Zmiz1,51,1
Zmiz1,56,1
Zmym4,1,0
Zmym4,6,0.02
Zmym4,11,0
Zmym4,16,0.04
Zmym4,21,0.13
Zmym4,26,0.31
Zmym4,31,0.53
Zmym4,36,0.65
Zmym4,41,0.79
Zmym4,46,0.91
Zmym4,51,0.98
Zmym4,56,0.99
Zmym4,61,1
Zmym4,66,1
Zmym4,71,1
Zmym4,76,1
Zmym4,81,1
Zmym4,86,1
Zmym4,91,1
Zmym4,96,1
Zmym4,101,1
